nodes,car_num
22-21-80-25-26-27-144-145-40-154,2
22-107-108-30-84-37-38-39-40-154,9
22-107-108-109-38-39-40-154,2
22-107-108-109-38-129-33-145-40-154,1
22-107-108-31-128-27-144-145-40-154,2
22-107-108-31-33-145-40-154,1
140-104-212-160-161-162-163-164-165-166-256-177-248,2
140-142-143-144-145-40-235-164-165-166-256-177-248,2
140-142-143-144-35-229-163-164-165-166-256-177-248,6
5-86-88-90-13-53-55-56-57,8
5-37-38-39-146-147-148-57,13
5-86-88-45-47-49-148-57,3
5-37-110-111-112-55-56-57,1
5-86-88-45-112-55-56-57,1
239-202-244-243-242-241-240-44-43-130-129-128-127-126-125,8
239-202-244-243-242-241-240-155-154-36-34-128-127-126-125,5
239-202-244-243-242-175-174-232-230-36-34-128-127-126-125,1
139-137-135-62-64-158-157-245-247-176-175-237-238-239-201-278,2
139-137-135-62-64-158-255-256-177-176-175-237-238-193-228-278,5
139-137-135-62-64-158-157-245-247-176-175-174-173-226-227-228-278,6
139-137-135-62-64-158-157-245-247-176-175-237-238-193-228-278,4
139-137-135-62-64-260-262-178-177-176-175-237-238-193-228-278,1
242-241-165-246-52-50-131-130-39-40,11
242-241-165-246-156-155-154-36-145-40,8
242-241-165-246-156-44-43-130-39-40,7
242-175-174-232-230-36-145-40,1
242-241-240-44-43-130-39-40,1
60-133-132-48-46-89-87-37-38-39,5
60-133-56-57-157-52-50-131-130-39,14
60-133-132-131-130-129-32-109-38-39,10
60-62-64-158-157-52-50-131-130-39,1
60-133-132-131-130-39,1
207-205-244-243-242-241-165-247-176,15
207-254-195-243-242-241-165-247-176,10
207-205-244-243-185-250-176,1
207-254-195-243-185-250-176,1
207-254-252-186-187-265-178-177-176,1
222-181-182-183-184-242-241-165-246-52-148-149-63-61-59-120,29
222-181-182-183-184-242-241-240-44-147-148-149-63-61-59-120,1
222-221-220-161-162-163-164-165-246-52-148-149-63-61-59-120,2
222-221-220-161-162-163-164-240-44-147-148-149-63-61-59-120,1
222-221-220-161-162-230-36-145-146-147-148-149-63-61-59-120,1
242-241-165-247-176-175-174-173-172-220-161,25
242-175-174-173-172-171-215-160-161,1
242-175-174-232-230-153-152-151-212-160-161,1
243-242-241-165-246-52-50-131-130-129-128-127-22-21,18
243-242-241-240-44-43-130-129-128-127-22-21,1
243-242-241-240-155-154-153-152-24-23-22-21,1
47-131-130-129-33-145-40-235-236,3
47-49-51-156-155-154-229-163-236,8
47-131-130-129-33-35-229-163-236,14
193-192-191-219-217-215-213-150,3
193-192-191-219-180-221-171-215-213-150,19
193-192-191-219-180-221-220-291-151-150,7
193-192-191-219-217-215-160-291-151-150,2
193-192-222-221-171-215-213-150,1
29-31-33-35-153-224-225-172-171-216-180-221,4
29-31-33-35-153-152-151-212-214-216-180-221,1
11-15-58-115-68-136-270-290,23
11-15-121-66-117-74-270-290,1
11-15-121-123-72-74-270-290,1
3-29-31-128-27-144-35-229-163-236-237-238-193,13
3-29-31-33-145-40-235-236-237-238-193,1
3-84-37-38-39-40-235-236-237-238-193,2
3-29-31-33-35-229-163-236-237-238-193,6
3-29-31-33-35-229-231-233-183-238-193,6
159-160-161-162-230-36-34-32-109-110-111-47,5
159-213-105-142-143-144-145-146-43-42-111-47,7
159-213-105-142-143-144-34-32-109-110-111-47,11
159-160-161-162-230-36-145-146-43-42-111-47,1
159-213-105-142-23-22-107-108-109-110-111-47,2
117-74-137-135-133-132-49-51-156-155-154-229-163,3
117-74-137-135-133-56-57-157-156-155-154-229-163,12
117-74-137-135-133-132-131-130-39-40-154-229-163,4
117-74-137-135-133-132-49-51-246-156-155-154-229-163,7
159-160-161-162-230-153-152-151-150,6
159-213-105-142-143-28-152-151-150,2
159-160-291-151-150,1
159-213-150,1
136-75-118-68-135-133-132-48-46-89-6,9
136-75-118-67-122-120-14-91-89-6,1
136-75-118-68-135-133-132-131-42-41-6,4
136-75-118-116-59-120-14-91-89-6,3
136-75-73-124-122-120-14-91-89-6,1
136-75-118-116-114-54-14-91-89-6,1
221-220-161-162-163-164-165-246-52-148-149-63-133,18
221-220-161-162-163-164-165-246-156-44-147-148-149-63-133,10
221-220-161-162-163-164-240-44-147-148-149-63-133,1
221-220-161-162-163-164-165-166-167-261-65-63-133,1
221-220-161-162-230-36-145-146-147-148-149-63-133,1
252-250-176-241-165-246-52-148-149-63-134-69,29
252-250-248-246-156-44-147-148-149-63-134-69,1
252-250-248-246-52-148-149-63-134-69,1
272-189-265-263-261-65-63-61-115-68-135-133-132,3
272-189-265-178-177-248-246-52-148-149-63-133-132,2
272-189-265-263-261-65-63-61-59-120-53-55-132,5
272-189-265-263-261-65-63-133-132,1
272-189-265-263-261-158-157-52-148-149-63-133-132,1
272-189-265-263-261-65-63-61-114-55-132,1
106-107-108-31-33-35-153-224-225-226-227-228-199,13
106-107-108-31-33-35-229-231-173-226-227-228-199,1
106-107-108-31-128-27-28-224-225-226-227-228-199,1
106-21-80-25-26-27-28-224-225-226-227-228-199,1
106-21-79-100-102-104-212-160-161-225-226-227-228-199,2
106-21-79-100-102-142-143-28-224-225-226-227-228-199,7
45-47-49-148-149-64-260-262-264-266-197,3
45-47-49-148-57-255-256-257-187-266-197,17
45-112-55-56-57-255-256-257-187-266-197,5
45-112-113-60-62-64-260-262-264-266-197,1
225-226-182-234-173-172-220-161-162-163-164,7
225-226-182-183-184-242-175-174-232-163-164,13
225-172-171-216-180-221-220-161-162-163-164,8
225-172-220-161-162-163-164,1
282-206-208-210-277-189-265-263,25
282-206-208-269-197-196-252-186-187-265-263,1
282-254-252-186-187-265-263,1
179-217-215-160-161-162-230-36-34-32-30-83-25,2
179-217-215-213-105-103-101-79-106-21-80-25,3
179-217-215-160-291-24-23-22-21-80-25,1
179-217-215-213-105-103-101-106-21-80-25,3
179-180-221-220-291-24-23-22-21-80-25,2
179-180-181-182-234-232-230-153-224,8
179-180-221-220-161-162-230-153-224,19
179-180-221-220-291-24-143-28-224,1
179-217-215-160-161-162-230-153-224,1
179-217-215-213-105-142-143-28-224,1
289-219-217-215-160-161-162-230-36-34-32-30-83-81-1,4
289-219-180-221-220-161-162-230-36-34-32-30-83-81-1,4
289-219-217-215-213-105-142-143-144-34-32-30-83-81-1,2
289-219-217-215-213-105-142-23-22-107-108-30-83-81-1,1
9-13-53-55-56-57-255-256-257-258-259-283,2
9-91-45-47-49-148-57-255-256-257-258-259-283,7
9-13-53-113-60-62-64-260-262-264-266-268-209-283,1
9-91-45-112-55-56-57-255-256-257-258-259-283,2
9-13-119-58-60-62-64-260-262-264-266-197-259-283,1
229-163-164-165-166-167-262-178-177-176,15
229-163-164-165-166-256-177-176,15
229-163-164-165-247-176,1
229-231-233-183-184-185-250-176,1
229-163-164-165-247-249-252-250-176,1
289-219-180-181-227-228-200-202-244-194-239-279,18
289-219-180-181-227-228-200-279,1
289-219-180-181-182-183-238-193-228-200-279,1
289-219-180-181-182-183-238-239-279,1
269-197-196-195-243-242-241-240-155,12
269-197-196-252-250-176-241-240-155,6
269-267-265-178-177-176-241-240-155,2
269-267-265-178-177-248-246-156-155,2
139-137-135-62-64-158-255-256-177-176-175-237-238-193-192-191-288,5
139-137-135-62-64-158-157-156-155-235-236-237-238-193-192-191-288,11
139-137-135-62-64-158-157-245-247-176-175-237-238-193-192-191-288,4
139-137-135-62-64-158-157-245-247-176-175-174-173-226-227-192-191-288,11
282-254-195-243-242-241-165-246-52-50-48-46-90-10,15
282-205-244-243-242-241-165-246-52-50-48-46-90-10,15
282-254-252-250-248-246-52-50-48-46-90-10,1
282-254-252-250-248-246-156-44-147-50-48-46-90-10,1
159-160-161-162-163-164-165-246-52-148-149-63-61-115-67-18-96-20,14
159-160-161-162-163-164-165-246-52-148-149-63-134-69-67-18-96-20,8
159-160-161-162-163-164-165-246-52-148-149-63-61-59-121-18-96-20,8
130-129-33-35-153-224-162-163-164-165,30
130-129-128-27-144-35-229-163-164-165,1
130-39-40-154-229-163-164-165,1
130-129-33-145-40-235-164-165,1
130-129-33-35-229-163-164-165,1
130-39-40-235-164-165,1
236-174-232-163-164-165-246-52-148-149-63-61-59-121-123-71-97,8
236-174-232-163-164-165-246-52-148-149-63-134-69-117-73-71-97,4
236-174-232-163-164-165-246-52-148-149-63-61-115-117-73-71-97,11
236-174-232-230-36-145-146-147-148-149-63-61-115-117-73-71-97,1
147-51-156-155-154-153-152-151-105-103-125,10
147-51-156-155-154-153-152-24-23-126-125,3
147-51-156-44-43-130-129-128-127-126-125,1
235-164-165-166-256-257-258-196-252,19
235-164-165-166-256-177-249-252,12
235-236-237-184-185-186-258-196-252,1
235-164-165-247-249-186-258-196-252,1
235-236-237-238-239-202-204-254-252,1
235-164-165-247-249-252,1
2-25-108-30-84-86-88-90-13-119-16-12,11
2-25-108-109-110-111-46-90-13-119-16-12,3
2-25-108-109-110-111-112-113-59-16-12,1
274-189-265-178-177-248-246-52-50-48-46-8,25
274-273-271-137-69-116-59-120-14-91-8,1
274-273-271-137-135-61-59-120-14-91-8,1
174-173-172-220-161-162-230-153-152-151-105,13
174-232-163-164-240-155-154-153-152-151-105,13
174-173-172-171-215-160-291-151-105,3
174-173-172-171-215-213-105,1
174-173-172-220-291-151-105,1
35-153-224-162-231-173-226-227-192-191-219-293,9
35-229-163-236-237-238-193-192-191-219-293,1
35-229-163-236-174-173-226-227-192-191-219-293,12
35-229-231-233-183-238-193-192-191-219-293,1
237-184-242-175-174-173-172-171-215-160-161,13
237-184-242-175-174-173-172-220-161,4
237-238-193-192-191-219-180-221-220-161,5
237-238-193-192-222-221-171-215-160-161,1
237-238-193-192-191-219-217-215-160-161,2
115-68-135-133-132-48-46-89-6,3
115-68-135-61-59-120-14-91-89-6,16
115-67-122-120-14-91-89-6,1
115-68-135-61-114-54-14-91-89-6,11
131-130-129-32-30-84-86-88-90-10,8
131-130-129-32-109-110-111-46-90-10,4
131-42-111-112-113-59-120-14-10,1
131-130-129-32-109-110-41-88-90-10,1
164-240-155-154-153-224-225-226-227-228,18
164-240-155-235-236-237-238-193-228,1
164-240-155-235-236-174-173-226-227-228,5
164-165-247-176-175-237-238-193-228,1
164-240-155-154-229-231-173-226-227-228,1
156-44-147-148-149-63-61-115-117-74-137,3
156-44-147-148-149-63-61-59-121-123-72-74-137,11
156-44-147-148-149-63-134-69-117-74-137,2
156-44-147-148-149-63-61-59-121-66-117-74-137,7
156-44-43-42-111-112-113-115-117-74-137,1
236-237-184-242-241-165-246-156-44-147-51,26
236-174-232-163-164-165-246-156-44-147-51,1
236-237-184-242-241-240-44-147-51,1
236-237-184-185-250-248-246-156-44-147-51,1
236-174-232-230-36-145-146-147-51,1
5-37-38-129-33-35-229-231-233-183-238-239-202-204-281,12
5-85-29-31-33-35-229-231-233-183-238-239-202-204-281,6
5-85-29-31-33-35-229-163-236-237-238-239-202-204-281,7
5-37-38-129-33-35-229-163-236-237-238-239-202-204-281,1
40-235-164-165-166-167-262-264-266-268-284,15
40-235-236-237-238-239-202-204-206-208-284,1
40-235-164-165-166-256-257-258-259-208-284,4
40-235-164-165-166-256-257-187-266-268-284,7
40-235-236-237-184-185-186-187-266-268-284,1
40-235-164-165-247-249-186-187-266-268-284,1
155-235-164-165-246-52-148-149-63,7
155-154-229-163-164-165-246-52-148-149-63,6
155-235-164-165-246-156-44-147-148-149-63,12
148-149-64-158-157-156-155-154-153-152-151-105-141,2
148-57-157-52-50-131-130-129-33-35-153-152-151-105-141,1
148-149-63-133-132-131-130-129-33-35-153-152-151-105-141,5
148-57-157-156-44-43-130-129-33-35-153-152-151-105-141,2
148-57-157-156-155-154-153-152-151-105-141,1
180-221-220-161-162-163-236-174-173-226-182,11
180-181-227-192-222-221-220-161-225-226-182,2
180-221-220-161-225-226-182,1
180-221-220-161-162-231-173-226-182,1
180-181-182,1
224-162-230-153-152-24-23-22-21-79,2
224-162-230-153-152-24-23-126-101-79,3
224-162-230-153-152-151-105-103-101-79,2
224-162-230-36-34-128-127-22-21-79,1
134-69-116-59-120-53-55-132-131-130-129-33,8
134-69-117-74-137-135-133-132-131-130-129-33,3
134-69-116-114-55-132-131-130-129-33,1
134-69-116-60-133-132-131-130-129-33,1
134-69-67-122-58-114-55-132-131-130-129-33,1
241-165-246-156-44-147,17
241-165-246-156-155-154-36-145-146-147,7
241-165-246-52-148-57-157-156-44-147,6
241-240-44-147,1
287-277-189-265-178-257-187-188-273-290,16
287-277-189-265-263-168-290,11
287-211-269-267-188-273-290,1
159-214-216-180-181-182-183-238-193-228-278,9
159-160-161-225-226-182-183-238-193-228-278,7
159-160-161-162-163-236-237-238-193-228-278,4
159-160-161-162-231-173-226-227-228-278,1
159-160-161-225-226-227-228-278,1
159-214-216-180-181-227-228-278,1
3-84-86-88-45-112,15
3-29-109-110-111-112,1
267-265-178-177-248-166-256-257-187-266-197,7
267-265-178-257-258-259-208-269-197,2
267-265-178-177-249-186-187-266-197,3
135-62-64-158-157-156-155-154-153-224-225-172-171-216,21
135-62-64-158-157-156-155-235-236-174-173-172-171-216,7
135-62-64-260-262-178-177-176-175-174-173-172-171-216,1
135-62-64-158-255-256-177-176-175-174-173-172-171-216,4
135-62-64-158-157-156-155-154-153-152-151-212-214-216,1
159-213-105-103-101-106-107-108-109-110-111,3
159-160-161-162-230-36-145-146-43-42-111,9
159-213-105-142-143-144-34-32-109-110-111,2
159-160-161-162-230-36-34-32-109-110-111,8
159-213-105-142-143-144-145-146-43-42-111,3
159-213-105-142-23-22-107-108-109-110-111,4
2-25-108-109-110-41-87-85-4,2
2-25-108-30-84-37-110-41-87-85-4,15
2-25-26-127-22-107-108-30-4,1
2-25-108-109-38-129-32-30-4,1
2-25-108-30-4,1
242-241-165-246-156-155-235-164-240,15
242-175-237-184-185-250-176-241-240,1
242-241-165-246-156-155-154-229-163-164-240,3
242-175-174-173-172-220-161-162-163-164-240,1
242-241-240,1
5-86-88-90-13-119-121-18-96-20,3
5-86-88-45-112-113-115-67-18-96-20,4
5-37-110-111-112-113-59-121-18-96-20,3
5-86-88-45-112-113-59-121-18-96-20,12
5-86-88-90-92-94-96-20,1
172-220-161-162-231-173-226-227-192-191-190,9
172-171-215-160-161-225-226-227-192-191-190,12
172-220-161-225-226-227-192-191-190,4
172-171-216-180-181-227-192-191-190,1
172-220-291-151-212-214-216-218-190,1
172-171-216-218-190,1
102-142-143-144-145-40-235-164-165-246,2
102-142-143-28-224-162-163-164-165-246,4
102-142-143-144-35-229-163-164-165-246,1
102-142-143-144-35-153-224-162-163-164-165-246,1
209-207-254-195-194-193-192-191-219-217-215-292,2
209-207-205-244-243-242-175-174-173-172-171-215-292,5
209-207-205-244-194-193-192-222-221-171-215-292,1
209-207-254-195-243-242-175-174-173-172-171-215-292,6
209-207-205-244-194-193-192-191-219-217-215-292,3
209-207-254-195-194-193-192-222-221-171-215-292,1
132-131-130-129-33-35-153-224-225-226-227-192-191-288,16
132-131-130-129-33-35-153-224-225-172-171-216-218-288,7
132-131-130-129-33-35-229-231-173-226-227-192-191-288,7
132-131-130-129-128-27-28-224-225-226-227-192-191-288,3
132-131-130-129-128-127-126-102-104-212-214-216-218-288,1
132-131-130-129-33-35-153-152-151-212-214-216-218-288,1
274-189-265-178-177-176-175-237-238-193-192-191-219-293,21
274-189-265-178-177-176-175-174-173-226-227-192-191-219-293,16
274-189-266-197-259-207-205-244-194-193-192-191-219-293,1
9-91-89-87-37-38-129-33-35-153-152-151-150,3
9-91-89-87-85-29-31-33-35-153-152-151-150,19
9-91-45-47-131-130-129-33-35-153-152-151-150,8
9-91-89-87-85-83-81-79-100-102-104-150,1
9-91-89-87-37-38-129-128-127-126-102-104-150,1
5-85-29-31-33-35-153-152-151-212-214-216,3
5-37-38-129-33-35-153-224-225-172-171-216,12
5-85-29-31-33-35-153-224-225-172-171-216,17
5-37-38-129-33-35-153-152-151-212-214-216,1
35-229-163-164-165-246-52-50-48-46-8,18
2-25-26-27-144-35-153-224-225-226-227-228-278,4
2-25-108-31-33-35-153-224-225-226-227-228-278,10
2-25-108-31-128-27-28-224-225-226-227-228-278,1
2-25-108-31-33-35-229-231-173-226-227-228-278,1
2-25-26-27-144-35-229-231-173-226-227-228-278,1
106-107-108-30-83-25-26-127-22,4
106-21-80-25-108-31-128-127-22,1
106-21-79-100-102-142-23-22,5
106-21-80-25-26-127-22,1
197-259-208-269-267-265-263-168-290,2
197-196-252-186-187-188-273-290,7
197-259-208-269-267-188-273-290,2
197-196-252-186-187-265-263-168-290,2
197-196-252-250-248-166-167-168-290,5
197-259-208-210-277-273-290,4
139-75-73-124-66-68-135-133,17
139-137-69-67-122-58-60-133,1
139-75-118-68-135-133,1
139-137-69-116-60-133,1
139-137-135-133,1
2-25-108-31-33-35-229-163-236-237-184-185-251,9
2-25-26-27-144-35-229-163-236-237-184-185-251,6
2-25-26-27-28-224-225-226-182-183-184-185-251,3
2-25-26-27-144-145-40-235-236-237-184-185-251,1
152-24-143-144-35-229-163-164-240-155,2
152-24-143-144-145-40-235-164-240-155,5
152-24-143-144-145-146-147-51-246-156-155,1
152-151-212-160-161-162-163-164-240-155,2
152-24-143-28-224-162-163-164-240-155,11
152-24-143-144-145-146-147-51-156-155,1
19-70-72-74-137-135-62-64-260-262-264-266-197,6
19-70-72-118-68-135-62-64-260-262-264-266-197,15
19-70-72-118-116-60-62-64-260-262-264-266-197,1
19-70-124-66-68-135-62-64-260-262-264-266-197,1
19-70-72-74-270-272-189-266-197,1
7-89-87-85-29-31-33-35-153-224-225-226-227-192-222,13
7-89-87-37-38-129-33-35-153-224-225-226-227-192-222,6
7-45-47-131-130-129-33-35-153-224-225-226-227-192-222,10
7-89-87-85-29-31-33-35-229-231-173-226-227-192-222,1
280-244-243-242-241-165-166-167-168-290,31
280-204-206-208-210-277-273-290,1
280-204-254-252-186-187-188-273-290,1
274-273-271-137-69-67-18-96-20,3
274-273-271-137-135-61-59-121-18-96-20,3
274-273-271-137-135-61-59-16-94-96-20,5
274-273-271-137-135-61-115-67-18-96-20,15
274-273-271-75-73-124-18-96-20,1
7-89-87-37-38-39-40-235-236-237-238-239-202-244,10
7-45-47-131-130-39-40-235-236-237-238-239-202-244,11
7-45-47-49-51-156-155-235-236-237-238-239-202-244,15
7-45-47-49-148-57-255-256-257-258-259-207-205-244,4
7-45-47-49-148-57-255-256-257-258-196-253-205-244,1
168-272-189-265-178-177-176-175-237,20
168-271-137-135-62-64-158-255-256-177-176-175-237,1
168-272-189-266-197-196-195-243-242-175-237,1
168-271-137-135-62-64-158-157-245-247-176-175-237,1
168-271-137-135-62-64-260-262-178-177-176-175-237,1
90-13-53-55-132-49-51-156-155-154-229-163,3
90-13-53-55-132-131-130-129-128-27-144-35-229-163,12
90-13-53-55-56-57-157-156-155-154-229-163,8
90-13-53-55-132-131-130-39-40-154-229-163,5
90-13-53-55-132-131-130-129-33-35-229-163,1
90-13-53-55-132-49-51-246-156-155-154-229-163,1
162-163-236-237-238-239-202-244,3
162-163-236-174-233-183-238-239-202-244,8
162-231-173-226-182-183-238-239-202-244,2
162-231-233-183-238-239-202-244,9
162-231-173-226-227-228-200-202-244,7
162-163-236-237-184-185-251-253-205-244,1
105-142-143-144-35-153-224-162-163-164-240,15
105-142-143-144-145-146-147-51-156-155-235-164-240,17
105-142-143-144-145-40-154-229-163-164-240,1
274-189-265-178-257-187-266-268-284,19
274-189-265-178-257-258-259-208-284,16
274-189-266-197-259-208-284,1
274-276-211-269-197-259-208-284,1
274-189-266-268-284,1
85-83-25-108-109-38-39,21
85-29-109-38-39,1
9-13-53-55-132-48-46-89-6,7
9-13-53-55-132-131-42-41-6,4
9-91-45-47-131-42-41-6,1
51-246-52-148-57-157-156-155-235,25
51-246-156-155-154-36-145-40-235,4
51-156-155-154-36-145-40-235,3
51-156-155-235,1
274-189-265-178-177-176-175-174-173-226,9
274-189-265-178-177-176-175-174-173-172-220-161-225-226,19
274-189-265-178-177-249-252-250-176-175-174-173-226,9
274-189-266-197-196-252-250-176-175-174-173-226,1
274-189-266-197-196-195-243-242-175-174-173-226,1
217-215-160-161-162-163-164-165-246-156-44-147-50,16
217-215-160-161-162-163-164-165-246-52-50,8
217-215-160-291-24-143-144-145-146-147-50,1
217-215-213-105-142-143-144-145-146-147-50,1
217-215-160-161-162-163-164-240-44-147-50,1
127-22-107-108-31-33-35-229-163-236-174,3
127-126-102-142-143-28-224-162-163-236-174,4
127-126-102-104-212-160-161-162-163-236-174,2
127-126-102-142-143-144-145-40-235-236-174,3
127-22-107-108-31-33-145-40-235-236-174,1
19-70-72-118-68-135-62-64-158-157-245-247-176-175-174-173-226-227-228,18
19-70-72-74-137-135-62-64-158-157-245-247-176-175-174-173-226-227-228,5
19-70-72-118-68-135-62-64-260-262-178-177-176-175-237-238-193-228,4
19-70-72-118-68-135-62-64-158-157-245-247-176-175-237-238-193-228,1
19-70-124-66-68-135-62-64-158-157-245-247-176-175-237-238-193-228,3
24-143-144-35-153-224-162-231-173-172-171-215-292,8
24-143-144-35-153-224-225-172-171-215-292,3
24-143-144-35-229-163-236-174-173-172-171-215-292,6
24-143-144-35-229-231-173-172-171-215-292,1
24-143-28-224-162-231-173-172-171-215-292,1
24-143-28-224-225-172-171-215-292,1
205-244-243-242-241-240-155-154-153-224-162-230,28
205-244-243-242-175-174-173-172-220-161-162-230,1
205-244-243-185-250-176-175-174-232-230,1
175-237-184-242-241-165-246-52-50-48-112,26
175-174-232-163-164-165-246-52-50-48-112,1
175-174-232-230-36-145-146-147-50-48-112,1
175-174-232-163-164-240-44-147-50-48-112,1
175-174-232-230-36-34-32-109-110-111-112,1
175-174-232-230-36-145-146-43-42-111-112,1
282-254-252-250-248-246-52-148-149-63-61-115-68,2
282-206-208-269-267-188-273-271-75-118-68,3
282-254-252-186-187-265-263-261-65-63-61-115-68,4
282-254-252-250-248-246-52-50-48-112-113-115-68,7
282-254-252-250-248-166-167-261-65-63-61-115-68,1
282-206-208-269-267-265-263-261-65-63-61-115-68,2
289-219-180-181-182-183-238-239-202-244-243-185-251,11
289-219-180-181-227-228-200-202-244-243-185-251,10
289-219-180-221-220-161-162-163-236-237-184-185-251,1
289-219-180-181-182-183-184-185-251,1
174-232-230-36-34-32-30-83-81-79-100,2
174-232-230-153-152-24-23-126-101-79-100,3
174-232-230-36-34-128-127-22-21-79-100,1
174-232-230-153-152-24-23-22-21-79-100,1
174-232-230-36-34-128-127-126-101-79-100,1
109-110-111-47-49-148-57-157-245-247-176-175,2
109-38-129-33-35-229-163-236-237-184-242-175,13
109-38-39-146-147-148-57-157-245-247-176-175,1
109-38-129-33-35-229-163-164-165-247-176-175,1
109-38-39-40-235-236-237-184-242-175,1
246-156-155-235-236-237-184-242-175,7
246-156-155-235-164-165-247-176-175,3
179-180-221-220-161-225-226,5
179-180-221-220-161-162-231-173-226,25
179-180-221-171-215-160-161-225-226,7
139-75-118-68-135-133-132-131-130-129-32-30-84-86,18
139-137-135-61-114-55-132-131-130-129-32-30-84-86,5
139-75-118-116-60-133-132-131-130-129-32-30-84-86,6
139-137-69-116-114-55-132-131-130-129-32-30-84-86,3
139-137-69-116-60-133-132-131-130-129-32-30-84-86,1
179-217-215-213-105-142-23-22-107-108-30-83-81-1,2
179-180-181-182-234-232-230-36-34-32-30-83-81-1,1
179-217-215-213-105-103-101-106-107-108-30-83-81-1,1
179-180-221-220-161-162-230-36-34-32-30-83-81-1,5
179-217-215-213-105-142-143-144-34-32-30-83-81-1,1
159-160-161-162-163-164-165-246-52-50-48-46-8,28
159-213-105-142-143-144-34-32-30-84-86-88-8,1
159-160-161-162-230-36-145-146-147-50-48-46-8,1
159-160-161-162-230-36-34-32-109-110-41-88-8,1
47-49-148-57-255-256-257-187-188-273-290,23
47-49-148-57-157-245-166-167-168-290,5
47-49-148-149-64-158-255-167-168-290,2
47-49-148-149-64-260-168-290,1
223-222-181-182-183-238-193-228-278,6
223-222-181-182-234-173-226-227-228-278,4
223-222-221-171-216-180-181-227-228-278,3
223-222-181-182-183-238-239-201-278,1
223-222-181-227-228-278,2
155-235-164-165-166-256-257-187-188-273-169,3
155-154-229-163-164-165-166-256-257-187-188-273-169,12
155-235-164-165-166-167-262-264-188-273-169,10
159-160-161-162-163-164-165-246-52-148-57-255-167,21
159-160-161-162-163-164-165-166-167,3
159-213-105-142-143-144-35-229-163-164-165-166-167,2
159-213-105-142-143-144-145-146-147-148-57-255-167,1
159-160-161-162-230-36-145-146-147-148-57-255-167,1
73-124-18-96-70-72-74-270-290,29
73-124-122-58-115-68-136-270-290,3
73-124-66-68-136-270-290,1
73-124-66-117-74-270-290,1
23-126-102-142-143-144-35-229-163-164-165-166-167-168-290,22
23-126-102-142-143-144-145-146-147-148-149-64-260-168-290,1
23-22-107-108-109-38-39-146-147-148-149-64-260-168-290,1
289-219-217-215-213-105-142-143-144-34-32-109-38,3
289-219-180-221-220-161-162-230-36-34-32-109-38,11
289-219-217-215-160-161-162-230-36-34-32-109-38,4
123-72-118-68-135-133-56-57-157-156-155-235,15
123-72-118-68-135-62-64-158-157-156-155-235,3
123-72-118-68-135-133-132-49-51-156-155-235,4
123-72-74-137-135-133-56-57-157-156-155-235,3
123-72-74-137-135-62-64-158-157-156-155-235,1
164-165-246-156-155-154-153-152-24,19
164-240-44-147-51-156-155-154-153-152-24,1
164-240-155-154-153-152-24,1
164-240-44-43-130-129-128-27-28-152-24,1
164-240-44-43-130-129-33-35-153-152-24,1
235-164-165-246-52-148-149-64-260-262,17
235-164-165-246-52-148-57-255-167-262,10
235-236-174-232-163-164-165-166-167-262,1
235-164-240-44-147-148-57-255-167-262,1
177-176-241-165-246-156-44-147,30
177-248-246-156-44-147,1
264-266-197-259-208-269-267-188-273-290,2
264-266-197-196-252-186-187-188-273-290,13
264-266-197-259-208-269-267-265-263-168-290,1
264-266-268-210-277-273-290,1
179-180-221-220-161-162-230-36-34-32-30-84-86-6,12
179-217-215-213-105-142-143-144-34-32-30-84-86-6,1
179-180-221-220-161-162-230-36-34-32-109-110-41-6,4
179-217-215-160-161-162-230-36-34-32-30-84-86-6,1
256-177-176-241-165-246-156-155-235-236,25
256-177-176-175-174-232-163-236,1
256-177-176-241-240-155-235-236,1
256-177-176-241-240-155-154-229-163-236,1
163-236-237-238-239-202-244-243-242,17
163-236-174-173-226-182-183-184-242,1
163-236-237-184-242,1
163-236-174-233-183-184-242,1
179-217-215-160-161-162-163-164-165-246-156-44,10
179-180-221-220-161-162-163-164-165-246-156-44,16
179-217-215-160-161-162-163-164-240-44,1
236-174-173-226-182-183-184-185-251-253-205-203,4
236-237-184-185-186-187-266-268-209-207-205-203,17
236-174-233-183-184-185-251-253-205-203,2
236-237-184-185-251-253-205-203,1
236-237-184-185-186-258-259-207-205-203,1
285-269-267-265-178-177-248-246-156-155-154-153-152-151-105,3
285-269-267-265-178-177-176-241-240-155-154-153-152-151-105,21
285-209-207-205-244-194-193-192-191-219-217-215-213-105,1
285-209-207-205-244-194-193-192-222-221-171-215-213-105,1
196-252-250-176-241-165-246-52-50-48-46-90-10,20
196-195-243-242-241-165-246-52-50-48-46-90-10,10
196-252-250-248-246-52-50-131-42-111-46-90-10,1
52-148-57-157-156-155-235-236-237-238-239-279,5
52-148-57-157-245-247-176-175-237-238-239-279,7
52-148-57-255-256-177-176-175-237-238-239-279,4
52-148-57-255-256-257-258-259-207-205-203-279,1
52-148-57-255-256-257-258-196-195-194-239-279,6
52-50-131-130-39-40-235-236-237-238-239-279,5
45-47-49-51-156-155-154-229-163-164,8
45-47-131-130-129-33-35-229-163-164,11
45-47-131-130-39-40-235-164,1
45-47-131-130-129-33-145-40-235-164,2
164-165-246-52-148-57-157-245-247-176,16
164-165-166-256-177-176,2
164-165-166-167-262-178-177-176,1
164-165-247-249-252-250-176,1
164-165-247-176,1
160-161-162-163-236-174-173-226-227-192-191-219-293,16
160-161-162-163-236-237-238-193-192-191-219-293,3
160-161-225-226-182-183-238-193-192-191-219-293,4
160-161-162-231-173-226-227-192-191-219-293,1
184-242-241-165-166-167-168-290,14
184-242-241-165-166-256-257-187-188-273-290,10
184-185-250-176-241-165-166-167-168-290,8
184-185-250-248-166-167-168-290,1
11-15-58-115-68-136-270,18
11-15-121-123-72-74-270,8
11-15-121-66-68-136-270,2
11-15-58-115-117-74-270,2
11-15-121-66-117-74-270,3
100-102-142-23-126-101-106-107-108-30-83-81-1,3
100-102-142-23-126-101-79-106-107-108-30-83-81-1,11
100-102-142-143-144-34-32-30-83-81-1,1
159-160-161-225-226-182-183-238-239-202,7
159-160-161-162-163-236-237-238-239-202,7
159-160-161-162-231-233-183-238-239-202,4
159-214-216-180-181-182-183-238-239-202,3
159-214-216-180-181-227-228-200-202,1
159-160-161-225-226-227-228-200-202,1
285-210-277-189-265-178-177,25
285-209-207-254-252-186-187-265-178-177,1
285-269-267-265-263-261-158-255-256-177,1
285-269-197-196-252-186-187-265-178-177,1
160-161-225-226-182-183-238-239-202-204-206-283,9
160-161-162-163-164-165-166-256-257-258-259-283,14
160-161-162-163-236-237-238-239-202-204-206-283,1
160-161-225-226-227-228-200-202-204-206-283,1
208-269-267-265-263-261-158-157-245-247-176,15
208-269-197-196-195-243-185-250-176,3
208-269-267-265-178-177-249-252-250-176,5
208-269-197-259-207-254-252-250-176,7
208-269-267-265-178-177-176,1
5-85-83-25-108-109-110-111-112,12
5-37-110-41-88-45-112,1
5-85-29-109-110-41-88-45-112,3
5-85-29-109-110-111-112,1
237-184-242-241-165-246-156-44-147-50-48-46-90-92-15,22
237-184-242-241-165-246-52-50-48-46-90-92-15,3
237-184-242-241-240-44-147-50-48-46-90-92-15,1
154-153-224-162-163-236-174-173-226,22
154-153-224-162-231-173-226,2
154-229-163-236-174-173-226,1
154-153-224-225-226,1
154-229-231-173-226,1
102-142-143-144-35-229-231-233-183-238-239-202-244,10
102-104-212-214-216-180-181-227-228-200-202-244,1
102-142-143-144-35-229-163-236-237-238-239-202-244,8
102-142-143-28-224-225-226-182-183-238-239-202-244,2
102-104-212-160-161-225-226-227-228-200-202-244,1
257-258-196-252-250-176-241-240-155-235,6
257-258-196-195-243-242-241-240-155-235,10
257-258-196-252-250-248-246-156-155-235,1
257-187-265-178-177-248-246-156-155-235,1
257-187-265-178-177-176-241-240-155-235,4
174-232-163-236-237-184-185-251-253-205-203,9
174-173-226-182-183-184-185-186-258-259-207-205-203,19
174-173-226-182-183-184-185-251-253-205-203,2
174-233-183-184-185-186-258-196-253-205-203,1
91-45-112-113-60-133-132-48-46,2
91-45-47-131-42-111-46,2
91-45-112-55-132-131-42-111-46,4
91-45-112-55-132-48-46,1
91-89-87-37-110-111-46,1
274-189-265-178-257-187-266-268-209-207,21
274-189-265-178-257-258-259-207,15
274-189-266-197-259-207,1
274-276-211-209-207,1
274-276-211-269-197-259-207,1
266-268-209-207-205-244-243-242-241-240,2
266-268-209-207-254-195-243-242-241-240,1
266-197-196-195-243-185-250-176-241-240,1
266-197-259-207-205-244-243-242-241-240,3
266-197-196-195-243-242-241-240,2
159-160-161-162-163-164-165-166-256-257-258-259-207,29
159-160-161-162-163-164-165-247-249-186-258-259-207,1
159-160-161-225-226-182-183-184-185-186-258-259-207,1
159-160-161-162-163-236-237-184-185-186-258-259-207,1
159-160-161-162-231-233-183-184-185-186-258-259-207,1
245-247-176-241-240-155-154-229-231-173,21
245-247-176-241-240-155-235-236-174-173,15
245-247-249-252-250-176-175-174-173,1
245-166-167-262-178-177-176-175-174-173,1
189-265-178-177-176-241-165-246-156-155-154-36-145,25
189-265-178-177-176-241-240-155-154-36-145,1
189-265-178-177-176-175-174-232-230-36-145,1
189-265-263-261-158-157-156-155-154-36-145,1
189-265-178-177-248-246-156-155-154-36-145,1
182-183-184-242-241-165-246-52-50-131-42,19
182-183-184-242-241-165-246-156-44-43-42,13
182-183-184-242-241-240-44-147-50-131-42,1
182-234-232-163-164-240-44-43-42,1
182-234-232-230-36-145-146-43-42,1
274-189-265-178-257-258-259-207-281,34
274-276-211-209-207-281,1
274-276-211-269-197-259-207-281,1
256-177-176-175-174-173-226-227-228-199,21
256-177-176-175-237-238-193-228-199,2
256-257-258-196-195-194-239-201-199,1
256-177-176-175-237-238-239-201-199,5
208-269-267-265-178-177-176-175-174-173-226-182-183,12
208-269-197-196-195-243-242-175-174-173-226-182-183,8
208-269-267-265-178-177-176-175-174-233-183,1
198-200-202-244-243-185-251-195-194-193-192-191-190,4
198-200-202-244-243-242-175-174-173-226-227-192-191-190,2
198-200-202-244-194-193-192-222-221-171-216-218-190,2
198-200-202-244-243-242-175-237-238-193-192-191-190,1
198-200-202-244-194-193-192-191-190,1
215-213-105-142-23-126-101-79-106-21,13
215-213-105-103-101-79-106-21,1
215-213-105-142-23-126-101-106-21,1
28-224-162-163-236-237-238-239-202-204-281,5
28-224-162-231-233-183-238-239-202-204-281,3
28-224-225-226-227-228-200-202-204-281,4
28-224-225-226-182-183-238-239-202-204-281,1
28-224-162-163-236-237-184-185-251-253-281,1
28-224-225-226-182-183-184-185-251-253-281,1
98-70-72-118-68-135-62-64-158-157-245-247-176-175-174-173-226-227-228-199,19
98-70-72-118-68-135-62-64-158-157-245-247-176-175-237-238-239-201-199,5
98-70-72-74-137-135-62-64-158-157-245-247-176-175-237-238-193-228-199,1
98-70-72-118-68-135-62-64-158-157-245-247-176-175-237-238-193-228-199,2
98-70-124-66-68-135-62-64-158-157-245-247-176-175-237-238-193-228-199,1
147-148-149-64-158-157-156-155-154,6
147-50-131-130-39-40-154,2
147-148-57-157-156-155-154,12
147-50-131-130-129-33-145-40-154,7
147-51-246-156-155-154,1
147-51-156-155-154,3
94-96-70-72-118-68-136-270-290,26
94-96-70-124-66-117-74-270-290,1
94-17-123-72-118-68-136-270-290,3
94-96-70-124-66-68-136-270-290,2
94-96-70-72-74-270-290,1
274-189-265-178-177-176-175-174-173-172-171-215-292,30
274-189-266-197-196-195-243-242-175-174-173-172-171-215-292,1
274-273-169-262-178-177-176-175-174-173-172-171-215-292,1
241-165-246-52-148-57,9
241-165-246-52-148-149-63-133-56-57,6
241-165-246-156-44-147-148-57,10
166-256-257-187-188-276-286,8
166-256-257-258-259-208-210-286,13
166-256-257-187-266-268-210-286,12
166-167-262-264-266-268-210-286,1
241-165-247-176-175-237-238-193-228,12
241-165-247-176-175-174-173-226-227-228,13
241-240-155-154-229-231-173-226-227-228,4
241-240-155-235-236-237-238-193-228,1
5-85-83-81-79-100-102-142-23-126-101,10
5-85-29-109-38-129-128-127-126-101,1
5-85-83-25-26-127-126-101,1
5-37-38-129-128-127-126-101,1
256-257-258-259-207-205-244-243-242-175,13
256-257-258-196-252-250-176-175,1
11-15-58-114-54-14-10,3
11-94-17-122-58-114-54-14-10,13
11-15-121-18-95-93-10,5
11-94-17-122-120-14-10,9
11-93-10,1
32-109-110-111-112-113-59-121-66-117,2
32-30-84-86-88-45-112-113-115-117,4
32-109-110-41-88-45-112-113-115-117,1
32-109-110-111-112-113-115-117,1
32-30-84-37-110-111-112-113-115-117,1
33-35-229-163-164-165-166-256-257-187-188-276-286,13
33-35-229-163-164-165-166-167-262-264-188-276-286,9
33-35-229-163-236-237-238-239-202-204-206-208-210-286,5
33-35-229-163-164-165-166-256-257-187-266-268-210-286,3
173-172-220-291-24-23-22-107-108-30-4,2
173-172-220-161-162-230-36-34-32-30-4,3
173-172-171-215-160-161-162-230-36-34-32-30-4,5
173-172-220-291-24-143-144-34-32-30-4,1
232-163-164-165-246-156-44-147-148-149,18
232-163-164-165-246-52-148-149,8
232-163-164-240-44-147-148-149,1
232-230-36-145-146-147-148-149,1
98-70-72-74-138,2
98-70-72-118-68-136-138,5
98-97-17-123-72-118-68-136-138,1
98-70-124-66-68-136-138,1
254-195-243-242-241-165-246-52-50-48-112-113,12
254-252-250-176-241-165-246-52-50-48-112-113,13
209-207-254-252-250-248-246-52-50-48-112-113-59-16-12,3
209-207-254-252-186-187-265-263-261-65-63-61-59-16-12,4
209-207-254-252-250-248-246-52-148-149-63-61-59-16-12,6
209-207-254-252-250-248-246-52-50-48-46-90-13-119-16-12,6
223-222-181-182-183-184-242-241-165-246-52-148-149-63-61-59-121-18-96-20,16
223-222-181-182-183-184-242-241-165-246-52-148-149-63-61-115-67-18-96-20,12
223-222-221-220-161-162-163-164-165-246-52-148-149-63-61-59-121-18-96-20,1
223-222-221-220-161-162-230-36-145-146-147-148-149-63-61-59-121-18-96-20,1
58-60-133-132-131-130-129-128-127-126-101-79-77,3
58-60-133-132-131-130-129-128-127-22-21-79-77,1
58-60-133-132-131-130-129-32-30-83-81-79-77,1
58-60-133-132-131-130-129-128-127-126-101-77,1
195-243-242-241-165-246-156-44-43-42-111-47-49,9
195-243-242-241-165-246-52-148-149-63-133-132-49,18
195-243-242-241-165-246-52-50-131-42-111-47-49,10
195-243-185-250-248-246-52-50-131-42-111-47-49,1
159-160-161-162-163-164-165-246-52-148-149-63-134-69-67-18-95,12
159-160-161-162-163-164-165-246-52-148-149-63-61-115-67-18-95,11
159-160-161-162-163-164-165-246-52-148-149-63-61-59-121-18-95,10
238-239-202-244-243-242-241-240-155-235-236,22
238-239-202-244-243-242-175-174-232-163-236,2
238-193-192-191-219-217-215-160-161-162-163-236,1
238-193-192-222-221-220-161-162-163-236,1
238-193-192-222-181-182-234-232-163-236,1
238-193-192-191-219-180-221-220-161-162-163-236,1
131-42-111-112-113-60-62-64-260-168-290,6
131-130-39-146-147-148-57-255-167-168-290,3
131-42-111-112-113-115-68-136-270-290,13
265-178-257-258-259-207-205-244-243-242,5
265-178-177-176-175-174-233-183-184-242,3
265-178-257-187-266-197-196-195-243-242,3
265-178-177-176-175-237-184-242,1
252-250-176-241-165-246-156-155-154-229-163,25
252-250-248-246-156-155-154-153-224-162-163,1
252-250-176-175-174-173-172-220-161-162-163,1
252-250-176-175-174-232-163,1
252-250-176-241-240-155-154-229-163,1
159-160-161-162-163-164-165-246-52-50-48-46-90-10,29
159-160-161-162-230-36-34-32-109-110-111-46-90-10,1
205-244-243-242-241-165-246-52-148-149-63-61-59-16-12,8
205-244-243-242-241-165-246-52-50-48-112-113-59-16-12,4
205-244-243-242-241-165-246-52-50-48-46-90-92-12,13
156-155-154-153-224-162-163-164,13
156-155-154-36-145-40-235-164,1
156-155-235-164,1
139-137-135-62-64-158-157-156-155-154-153-224-225-172-171-215-292,19
139-137-135-62-64-158-157-245-247-176-175-174-173-172-171-215-292,1
139-137-135-62-64-158-157-156-155-235-236-174-173-172-171-215-292,3
139-137-135-133-56-57-157-245-247-176-175-174-173-172-171-215-292,11
139-137-135-62-64-158-255-256-177-176-175-174-173-172-171-215-292,2
139-137-135-62-64-260-262-178-177-176-175-174-173-172-171-215-292,1
39-40-235-164-165-166-256-177-176-175,33
39-146-147-148-57-255-256-177-176-175,1
39-146-147-148-57-157-245-247-176-175,1
251-195-243-242-241-165-246-52-50-48-46-89-87-37-110,14
251-195-243-242-241-165-246-52-50-131-130-129-32-109-110,15
251-195-243-242-175-174-232-230-36-34-32-109-110,1
251-195-243-242-241-240-44-43-42-41-87-37-110,1
265-178-177-176-241-165-246,22
265-178-257-258-196-252-250-248-246,1
47-49-148-57-157-245-166-256-257-187-266,19
47-49-148-57-255-256-257-187-266,1
47-49-148-149-64-260-262-178-257-187-266,1
89-87-37-38-129-128-127-126-101-77,2
89-87-85-29-31-128-127-126-101-79-77,9
89-87-85-83-25-26-127-126-101-77,1
89-87-37-38-129-128-127-126-101-79-77,3
89-87-85-83-81-79-77,1
89-87-85-29-31-128-127-126-101-77,1
261-158-157-245-247-176-241-240-155,7
261-158-255-256-177-176-241-240-155,16
261-65-63-133-56-57-157-156-155,1
261-158-157-156-155,1
282-254-195-243-242-241-165-246-52-50-48,9
282-205-244-243-242-241-165-246-52-50-48,19
282-254-252-250-248-246-156-44-147-50-48,1
282-254-252-250-248-246-52-50-48,1
223-222-221-220-161-225-172-171-170,18
223-222-181-182-234-173-172-171-170,12
223-191-219-180-221-171-170,1
223-222-181-227-192-191-219-217-170,1
204-206-208-210-277-273-290,3
204-206-208-269-267-188-273-290,2
204-206-208-269-267-265-263-168-290,8
204-254-252-250-248-166-167-168-290,1
204-254-252-186-187-265-263-168-290,1
274-189-265-178-177-248-246-52-50-131-130-129-32-30-4,20
274-273-271-137-135-133-132-131-42-41-87-85-4,1
274-273-271-137-135-133-132-131-130-129-32-30-4,1
274-273-271-137-135-61-114-54-14-91-89-87-85-4,1
274-273-271-137-135-133-132-48-46-89-87-85-4,1
175-237-184-242-241-240-155-154-153-152,13
175-174-232-163-164-240-155-154-153-152,1
175-174-173-172-220-161-162-230-153-152,5
175-174-232-230-153-152,1
175-174-232-230-36-145-40-154-153-152,1
215-160-161-162-163-164-165-246-52-50-48-46-90-10,31
215-160-161-162-230-36-34-32-109-110-111-46-90-10,1
215-160-161-162-230-36-34-32-109-110-41-88-90-10,1
244-243-242-241-165-246-52-148-149-63-61-115-67-122,19
244-243-242-241-165-246-52-148-149-63-134-69-67-122,15
9-13-53-55-56-57-157-245-166-256,29
9-13-53-113-60-62-64-158-255-256,1
9-91-45-47-49-148-57-255-256,1
273-169-261-158-157-156-155-154-153-224-225-172-171-170,17
273-169-261-158-157-156-155-154-153-152-151-212-214-170,1
273-169-261-158-157-245-247-176-175-174-173-172-171-170,1
273-169-261-158-157-156-155-235-236-174-173-172-171-170,4
273-169-261-158-255-256-177-176-175-174-173-172-171-170,1
236-174-233-183-238-239-202-204-206-208-269-197,17
236-237-238-239-202-204-206-208-269-197,12
236-237-184-185-186-187-266-197,1
236-237-184-185-186-258-259-208-269-197,1
74-137-135-133-56-57-255-256-257-258,3
74-137-135-62-64-158-157-245-166-256-257-258,11
74-137-135-62-64-158-157-245-247-249-186-258,1
260-168-271-137-135-61-114-54-14-10,2
260-262-178-177-248-246-52-50-131-42-111-46-90-10,8
260-262-178-177-248-246-156-44-147-50-48-46-90-10,8
260-168-271-137-135-61-59-120-14-10,3
260-262-178-177-248-246-52-50-131-42-41-88-90-10,1
42-41-87-85-29-31-33-35-153-224-225-226-227-192-191-219-293,10
42-41-87-37-38-129-33-35-153-224-225-226-227-192-191-219-293,11
42-41-87-85-29-31-128-27-28-224-225-226-227-192-191-219-293,3
42-41-87-85-29-31-33-35-229-231-173-226-227-192-191-219-293,1
124-66-68-135-133-132-49-51-156-155-154-229-163,2
124-66-68-135-133-132-131-130-39-40-154-229-163,2
124-66-68-135-133-132-131-130-129-33-35-229-163,1
124-66-68-135-133-56-57-157-156-155-154-229-163,12
124-122-58-60-62-64-158-157-156-155-154-229-163,1
124-66-68-135-62-64-158-157-156-155-154-229-163,1
189-265-178-177-176-241-240-155-154-153-152-151-150,10
189-265-178-177-176-175-174-173-172-171-215-213-150,3
189-265-178-177-176-175-174-173-172-220-291-151-150,3
189-265-178-177-176-175-174-232-230-153-152-151-150,5
189-265-178-177-248-246-156-155-154-153-152-151-150,8
242-241-165-246-52-148-149-64-158-157,10
242-241-165-246-52-148-57-157,12
242-241-240-44-147-148-149-64-158-157,1
242-241-165-246-156-44-147-148-57-157,12
242-241-240-44-147-148-57-157,1
159-213-105-142-23-126-101-79-77,5
159-213-105-142-23-22-21-79-77,1
159-213-105-103-101-106-21-79-77,4
159-213-105-103-101-79-77,1
221-220-161-162-230-153-152-151-105-141,11
221-220-291-24-143-28-152-151-105-141,2
42-41-88-45-112-113-115-67-122,3
42-111-112-113-115-117-73-124-122,14
42-111-112-113-59-16-94-17-122,3
42-111-112-113-60-134-69-67-122,5
42-111-46-90-92-94-17-122,3
32-109-38-129-33-35-153-224-225-172-220-291,10
32-109-38-129-128-127-126-102-104-212-160-291,1
174-232-163-164-165-166-256-257-258-196-253,28
174-232-163-236-237-184-185-251-253,1
174-233-183-184-185-186-258-196-253,1
174-233-183-184-185-251-253,1
174-173-226-182-183-184-185-251-253,1
252-250-176-241-240-44-43-130-39-146,5
252-250-176-241-240-155-154-36-145-146,20
252-250-176-175-174-232-230-36-145-146,1
252-250-248-246-156-44-43-130-39-146,1
122-120-53-113-115-68-136-270,29
122-58-115-68-136-270,1
122-58-115-67-123-72-74-270,1
235-164-165-246-52-50-131-42-41-87-37,14
235-164-165-246-52-50-48-46-89-87-37,5
235-164-240-155-154-36-34-32-30-84-37,1
235-164-240-44-147-50-48-46-89-87-37,1
235-164-240-44-43-130-129-32-30-84-37,1
235-164-240-44-43-42-41-87-37,1
103-101-106-107-108-109-110-111-112-113-59-16-12,2
103-101-106-107-108-30-84-86-88-90-13-119-16-12,13
103-101-106-107-108-109-110-111-46-90-13-119-16-12,1
103-101-106-107-108-109-110-111-46-90-92-12,1
200-202-244-243-242-241-165-166-167-168-271-138,28
200-202-204-206-208-269-267-188-273-271-138,1
200-202-204-254-252-186-187-188-273-271-138,1
200-202-204-206-208-210-277-273-271-138,1
242-241-165-246-52-50-131-130-129-32-30-83-81,4
242-241-165-246-52-50-48-46-89-87-85-83-81,11
242-241-240-155-154-36-34-32-30-83-81,1
242-241-240-44-43-130-129-32-30-83-81,1
242-175-174-232-230-36-34-32-30-83-81,1
240-155-235-236-237-238-239-202-204-206-208-210-277,5
240-155-235-164-165-166-256-257-187-266-268-210-277,15
240-155-235-164-165-166-167-262-264-266-268-210-277,10
240-44-147-148-57-255-256-257-187-266-268-210-277,1
240-44-147-148-57-255-167-262-264-266-268-210-277,1
208-269-197-259-207-205-244-243-242-175-237-238,14
208-269-267-265-178-177-176-175-174-233-183-238,1
208-269-197-196-195-243-242-175-237-238,1
208-269-197-196-195-243-242-175-174-233-183-238,1
36-145-40-154-153-152-151-212-214-170,2
36-145-40-154-153-224-225-172-171-170,5
36-34-128-27-28-224-225-172-171-170,3
36-145-40-235-236-174-173-172-171-170,5
7-89-87-37-38-129-33-35-153-152-151-105-141,10
7-45-47-131-130-129-33-35-153-152-151-105-141,5
7-45-47-131-130-129-128-27-28-152-151-105-141,1
7-89-87-37-38-129-128-27-28-152-151-105-141,1
274-189-265-263-261-65-63-61-59-121-66,28
274-273-271-137-135-61-59-121-66,1
274-273-271-137-69-117-73-124-66,1
274-273-271-75-73-124-66,1
123-72-118-68-135-133,3
123-71-97-17-122-58-60-133,1
123-72-74-137-135-133,1
123-72-74-137-69-116-60-133,7
179-180-181-182-183-238-239-202-204-206-208-210-286,6
179-180-181-182-183-184-185-186-258-259-208-210-286,1
179-180-181-227-228-200-202-204-206-208-210-286,7
179-180-181-182-183-184-185-251-253-206-208-210-286,1
179-180-181-182-183-184-185-186-187-188-276-286,1
179-180-181-182-183-184-185-186-187-266-268-210-286,1
240-155-154-153-152-24-23-22-107-108,21
240-155-154-36-34-128-127-22-107-108,1
240-44-43-130-129-128-127-22-107-108,1
198-200-202-244-243-242-241-165-246-52-50-48-46-90-13-53,33
198-200-202-244-243-242-241-240-44-43-42-41-88-90-13-53,1
198-200-202-244-243-242-241-240-44-43-42-111-46-90-13-53,1
285-269-267-265-178-177-248-246-156-155-154-153-224-162,9
285-209-207-205-244-243-242-175-174-173-172-220-161-162,4
285-209-207-205-244-194-193-192-222-221-220-161-162,5
285-269-267-265-178-177-176-175-174-173-172-220-161-162,1
237-184-242-241-165-166-256-257-187-188-273-169,14
237-184-242-241-165-166-167-262-264-188-273-169,17
237-184-185-186-187-188-273-169,1
241-165-246-156-155-235-236-174,12
241-240-155-154-229-163-236-174,1
241-165-247-176-175-174,1
241-165-166-256-177-176-175-174,1
274-189-265-263-261-158-157-156-44-43-42,4
274-189-265-178-177-248-246-52-50-131-42,4
274-189-265-178-177-248-246-156-44-43-42,5
274-189-265-263-261-158-157-52-50-131-42,6
274-189-265-263-261-65-63-133-132-131-42,2
274-273-271-137-135-133-132-131-42,1
151-212-160-161-162-163-164-165-166-256-257-258-196,22
151-212-214-216-180-181-182-183-184-185-186-258-196,1
241-165-246-52-50-48-46-89-87-37,6
241-165-246-52-50-131-42-41-87-37,21
263-261-158-157-156-155-235-236-237-238-193-192-191-288,8
263-261-158-255-256-177-176-175-174-173-226-227-192-191-288,17
263-261-158-255-256-177-176-175-237-238-193-192-191-288,4
263-261-158-157-245-247-176-175-174-173-226-227-192-191-288,1
64-158-157-52-50-131-42-111-47,3
64-158-157-52-50-131-130-129-32-109-110-111-47,15
64-158-157-52-50-131-42-41-88-45-47,2
64-158-157-156-44-147-50-131-42-111-47,4
64-158-157-156-44-43-42-111-47,1
64-158-157-156-44-43-42-41-88-45-47,1
76-100-102-142-143-28-224-225-226-227-228-199,2
76-79-100-102-142-143-28-224-225-226-227-228-199,14
76-79-100-102-104-212-160-161-225-226-227-228-199,4
140-142-143-144-35-229-231-233-183-238-239-202-204,8
140-142-143-28-224-225-226-182-183-238-239-202-204,11
140-142-143-144-35-229-163-236-237-238-239-202-204,1
140-104-212-160-161-225-226-227-228-200-202-204,1
140-104-212-214-216-180-181-227-228-200-202-204,3
242-175-237-238-239-202-244-194-193-192-191-219,33
242-175-174-173-172-171-216-180-181-227-192-191-219,1
242-175-174-173-226-182-183-238-193-192-191-219,1
242-175-174-173-226-227-192-191-219,1
242-175-237-238-193-192-191-219,1
253-205-244-243-242-241-165-246-52-50-48-46-90-13-119,25
253-205-244-243-242-241-240-44-43-42-41-88-90-13-119,1
253-205-244-243-242-241-240-44-43-42-111-46-90-13-119,1
253-205-244-243-185-250-248-246-52-50-48-46-90-13-119,1
253-205-244-243-242-241-240-44-147-50-48-46-90-13-119,1
270-272-189-265-178-177-176-175-174-232-163,23
270-169-261-158-157-156-155-154-153-224-162-163,1
270-169-262-178-177-248-246-156-155-154-229-163,1
223-222-181-182-183-184-242-241-165-246-52-50-48-46-8,29
223-222-221-220-161-162-163-164-165-246-52-50-48-46-8,1
223-222-221-220-161-162-230-36-145-146-147-50-48-46-8,1
223-222-221-220-161-162-230-36-34-32-109-110-41-88-8,1
223-222-221-220-161-225-172-171-215-292,15
223-222-181-182-234-173-172-171-215-292,6
223-222-181-227-192-191-219-217-215-292,9
223-191-219-180-221-171-215-292,2
223-222-221-171-215-292,3
72-118-68-135-62-64-158-157-245-247-176-175-174-173-226-227-192-191-288,6
72-118-68-135-62-64-158-157-245-247-176-175-174-173-172-171-216-218-288,2
72-118-68-135-62-64-158-157-245-247-176-175-237-238-193-192-191-288,5
72-118-68-135-62-64-260-262-178-177-176-175-237-238-193-192-191-288,2
72-74-137-135-62-64-158-157-245-247-176-175-237-238-193-192-191-288,1
87-37-38-39-146-147-50-131-130,11
87-37-110-41-88-45-47-131-130,1
87-85-29-31-33-145-146-43-130,1
87-37-38-39-146-43-130,1
3-84-86-88-8,1
165-246-156-44-147-148-149-63-61-114-54,13
165-246-52-50-48-46-90-13-119-58-114-54,6
165-246-52-148-149-63-134-69-116-114-54,8
165-246-52-148-149-63-61-114-54,2
47-49-148-57-157-245-166-256-177-176-175,13
47-49-51-156-155-235-164-165-247-176-175,15
47-49-148-57-157-245-247-176-175,1
47-49-148-57-255-256-177-176-175,2
47-49-148-149-64-158-157-245-247-176-175,3
175-237-184-242-241-165-246-52-50-48-46-90,25
175-174-232-230-36-34-32-109-110-111-46-90,1
175-174-232-230-36-34-32-109-110-41-88-90,1
25-108-109-38-39-40-235-164,5
25-26-27-144-35-229-163-164,6
25-108-31-33-35-229-163-164,4
25-26-27-28-224-162-163-164,3
25-108-31-33-145-40-235-164,1
118-116-114-55-56-57-157-156-155,2
118-116-60-133-56-57-157-156-155,1
118-68-135-133-56-57-157-156-155,12
118-68-135-133-132-49-51-156-155,3
118-68-135-62-64-158-157-156-155,1
32-109-38-39-146-147-148-57-255-167-262-178,11
32-109-110-111-112-55-56-149-64-260-262-178,1
32-109-110-111-47-49-148-57-255-167-262-178,2
32-109-38-39-146-147-148-149-64-260-262-178,1
32-109-110-111-112-113-60-62-64-260-262-178,1
236-237-184-242-241-165-246-52-50,23
236-174-232-163-164-165-246-52-50,1
236-237-184-242-241-240-44-147-50,1
209-207-205-244-194-239-201-199,3
209-207-205-244-194-193-192-222-181-227-228-199,24
209-207-254-195-194-193-228-199,1
209-207-205-244-194-193-228-199,1
189-265-178-177-176-175-237,5
189-265-263-261-158-157-245-247-176-175-237,8
189-265-178-177-249-252-250-176-175-237,3
189-265-178-177-176-175-174-232-163-236-237,6
205-244-243-242-241-165-246-156-44-147-50-48-46-90-10,18
205-244-243-242-241-165-246-52-50-48-46-90-10,11
205-244-243-185-250-248-246-52-50-48-46-90-10,1
285-269-267-265-178-257-258-259-283,9
285-209-207-254-252-186-258-259-283,5
285-269-197-259-283,1
285-209-283,1
271-75-118-67-18-95-12,3
271-137-69-116-59-16-12,6
271-75-118-116-59-16-12,5
271-137-69-67-122-16-12,2
271-137-135-61-59-16-12,3
271-137-69-67-18-95-12,1
76-106-107-108-31-33-35-153-152-151-212,7
76-79-100-102-142-143-28-152-151-212,5
76-106-21-79-100-102-104-212,1
76-100-102-142-143-28-152-151-212,1
282-206-208-269-267-265-263-261-65-63-61-59-121-18-96-20,4
282-254-252-250-248-246-52-148-149-63-61-115-67-18-96-20,3
282-254-252-250-248-246-52-148-149-63-61-59-121-18-96-20,2
282-206-208-269-267-265-263-261-65-63-61-59-16-94-96-20,3
282-206-208-269-267-265-263-261-65-63-61-115-67-18-96-20,1
282-206-208-269-267-265-263-261-65-63-134-69-67-18-96-20,1
257-187-265-178-177-176-175-174-173-226-182-183,4
257-258-196-195-243-242-175-174-173-226-182-183,20
257-258-196-252-250-176-175-174-233-183,9
257-258-196-195-194-193-192-222-181-182-183,1
257-187-265-178-177-176-175-174-233-183,1
257-258-196-195-243-242-175-174-233-183,3
253-205-244-194-239-202-204-206-208-210-286,22
253-205-244-243-185-186-258-259-208-210-286,1
253-205-244-243-185-186-187-266-268-210-286,1
253-206-208-269-267-188-276-286,1
253-206-208-210-286,1
227-228-200-202-244-194-239-279,18
227-192-222-181-182-183-238-239-279,1
227-192-191-219-180-181-182-183-238-239-279,1
227-192-222-181-182-183-238-193-228-200-279,1
5-86-88-45-112-113-115-117-73-71,9
5-37-110-111-112-113-115-117-73-71,2
5-86-88-45-112-113-59-121-123-71,3
5-86-88-45-112-113-115-67-123-71,5
5-37-110-111-112-113-59-121-123-71,2
237-238-239-202-244-243-242-241-240,3
237-184-242-241-165-246-156-155-235-164-240,20
237-184-242-175-174-232-163-164-240,1
237-184-185-250-176-241-240,1
165-246-156-155-235-236-174,8
165-246-156-155-154-229-163-236-174,3
248-166-256-257-187-266-197-259-283,9
248-166-256-257-187-266-268-209-283,4
248-166-167-262-178-257-258-259-283,4
248-166-167-262-264-266-268-209-283,1
17-123-72-118-68-135-133-132-131-42-111,20
17-122-120-53-55-132-131-42-111,1
17-122-58-60-133-132-131-42-111,1
17-122-58-114-55-132-131-42-111,1
17-122-120-14-91-89-87-37-110-111,1
2-25-108-30-84-86-6,18
2-25-108-109-110-41-6,2
182-183-184-242-241-165-247-176-175-237,24
182-183-184-185-250-176-175-237,1
176-241-165-246-156-155-154-153-224-162,32
176-175-174-232-230-153-224-162,1
176-175-174-173-172-171-216-180-221-220-161-162,1
176-175-174-173-172-220-161-162,1
164-165-246-156-155-154-153-152-24-143-28,12
164-165-246-52-50-131-130-129-128-27-28,6
164-240-44-43-130-129-128-27-28,1
131-130-39-40-235-236-237-184-242-175,3
131-130-129-33-35-229-163-236-237-184-242-175,12
131-130-39-146-147-148-57-157-245-247-176-175,5
131-130-39-40-235-164-165-247-176-175,1
131-130-129-33-35-229-163-164-165-247-176-175,3
131-130-39-146-147-148-57-255-256-177-176-175,1
180-221-220-161-162-230-153-152-151-150,24
180-181-182-234-173-172-171-215-213-150,2
75-118-68-135-62-64-260-262-178-257-258-196-195,3
75-118-68-135-62-64-158-255-256-257-258-196-195,14
75-118-116-60-62-64-260-262-178-257-258-196-195,1
75-118-68-135-133-56-57-255-256-257-258-196-195,11
75-118-116-60-62-64-260-262-264-266-197-196-195,1
118-68-135-62-64-158-157-156-155-235-236-174,2
118-68-135-133-56-57-255-256-177-176-175-174,6
118-68-135-133-56-57-157-245-247-176-175-174,1
118-68-135-62-64-158-255-256-177-176-175-174,4
118-68-135-62-64-158-157-245-247-176-175-174,4
118-68-135-62-64-260-262-178-177-176-175-174,1
197-259-207-205-244-194-239-202-204-281,17
197-196-195-194-239-202-204-281,4
198-200-202-244-243-242-241-165-246-156-155-154-153-152-24-143,22
198-200-202-244-243-242-175-174-232-230-153-152-24-143,1
198-200-202-244-194-193-192-222-221-220-291-24-143,1
198-200-202-244-243-242-175-174-173-172-220-291-24-143,1
79-100-102-142-23-126-101-106-107-108,14
79-106-21-80-25-26-127-22-107-108,1
79-100-102-142-23-22-21-80-25-108,1
27-144-35-229-163-164-240-155-154,8
27-28-224-162-163-164-240-155-154,14
27-144-145-40-154,1
282-254-195-194-193-228-200-279,3
282-205-244-194-193-228-200-279,22
282-206-208-269-197-259-207-205-203-279,1
159-160-161-162-163-164-165-166-167-168-272-275,15
159-160-161-162-163-236-237-238-239-202-204-206-208-210-277-275,2
159-160-161-225-226-227-228-200-202-204-206-208-210-277-275,3
5-85-29-31-33-35-153-152-151-105-141,8
5-37-38-39-40-154-153-152-151-105-141,6
5-37-38-129-33-35-153-152-151-105-141,1
5-85-29-31-128-27-28-152-151-105-141,1
241-165-246-156-44-43-130-129-128-127,3
241-165-246-52-50-131-130-129-128-127,5
241-165-246-156-155-154-36-34-128-127,6
241-240-44-43-130-129-128-127,1
241-240-44-147-50-131-130-129-128-127,1
140-142-143-144-34-32-109-110-111-112-113-60-133,2
140-142-143-144-145-146-43-42-111-112-113-60-133,2
140-142-143-144-145-146-147-50-48-112-113-60-133,2
140-142-23-22-107-108-109-110-111-112-113-60-133,2
140-103-101-106-107-108-109-110-111-112-113-60-133,3
140-142-143-144-145-146-147-148-149-63-133,1
31-33-35-229-163-236-237-184-185-186,15
31-33-35-229-163-164-165-247-249-186,2
31-33-35-229-163-164-165-247-249-252-186,10
31-33-35-229-231-233-183-184-185-186,1
31-33-145-40-235-236-237-184-185-186,1
282-254-195-243-185-251-253-205,4
282-206-208-269-197-259-207-205,1
282-206-208-269-197-196-253-205,1
282-254-252-186-258-196-253-205,2
287-277-189-265-263-261-158-157-156-155-154-153-152-151-150,12
287-277-189-265-178-177-248-246-156-155-154-153-152-151-150,10
287-277-189-265-178-177-176-175-174-232-230-153-152-151-150,2
76-79-100-102-142-143-144-35-229-231-233,7
76-100-102-142-143-28-224-162-231-233,1
76-100-102-104-212-160-161-162-231-233,1
76-100-102-142-143-144-35-229-231-233,1
151-212-160-161-225-226-182-183-238-239-201,3
151-212-160-161-162-163-236-174-233-183-238-239-201,6
151-105-142-143-144-35-229-163-236-237-238-239-201,18
151-212-160-161-162-163-236-237-238-239-201,1
139-137-135-61-59-16-94-96,2
139-137-135-61-115-67-18-96,3
139-75-73-124-18-96,1
139-137-135-61-59-121-18-96,1
285-269-197-259-207-205-244-194-193,16
285-269-197-259-207-254-195-194-193,1
285-209-207-254-195-194-193,1
158-157-156-155-235-236-237-184-242,2
158-255-256-177-176-175-237-184-242,1
158-157-245-166-256-177-176-175-237-184-242,12
158-157-245-247-176-175-174-233-183-184-242,1
158-255-256-257-258-196-195-243-242,1
158-157-245-247-176-175-237-184-242,1
152-24-143-144-145-146-147-148-149-63-134-69-117-74-137,7
152-24-143-144-145-146-147-50-48-112-113-115-117-74-137,1
152-24-143-144-145-146-43-42-111-112-113-115-117-74-137,1
152-24-23-22-107-108-109-110-111-112-113-115-117-74-137,1
152-24-143-144-145-146-147-148-149-63-61-115-117-74-137,1
152-24-143-144-34-32-109-110-111-112-113-115-117-74-137,1
126-102-142-143-144-35-153-224-162-163-236-174,12
126-102-142-143-144-35-229-163-236-174,1
126-101-106-107-108-31-33-35-229-163-236-174,1
126-102-142-143-28-224-162-163-236-174,1
76-106-107-108-30-84-37-110-111-46-89,9
76-79-106-107-108-109-110-111-46-89,2
159-160-161-162-230-153-152-24-143-144-145,10
159-160-291-151-105-142-143-144-145,1
159-160-291-24-143-144-145,1
159-160-161-162-230-36-145,1
159-213-105-142-143-144-145,1
3-83-25-108-109-38-129-128-127,15
3-29-31-128-127,1
3-84-37-38-129-128-127,1
3-83-25-26-127,1
3-83-25-108-31-128-127,1
282-205-244-194-239-202-204-206-208-210-286,23
282-206-208-269-267-188-276-286,1
206-208-269-267-265-178-257-258-259-207,2
206-208-269-197-196-252-186-258-259-207,1
206-208-269-267-265-178-257-187-266-197-259-207,12
206-208-269-267-265-178-257-187-266-268-209-207,6
206-208-210-277-189-266-268-209-207,1
206-208-269-197-259-207,1
2-25-108-31-33-35-153-224-225-172-171-215-292,3
2-25-26-27-144-35-153-224-225-172-171-215-292,6
2-25-26-27-144-35-229-231-173-172-171-215-292,1
2-25-108-31-128-27-28-224-225-172-171-215-292,1
280-244-243-242-241-165-246-52-148-149-63-61-115-117-73-71,15
280-244-243-242-241-165-246-52-148-149-63-61-59-121-123-71,13
274-273-271-75-118-116-59-120-14,7
274-273-271-75-118-116-114-54-14,6
274-273-271-137-69-116-59-120-14,3
274-273-271-137-135-61-114-54-14,2
274-273-271-137-69-116-114-54-14,2
274-273-271-137-135-61-59-120-14,1
282-205-244-243-185-186-187-188-273-290,30
282-254-252-186-187-265-263-168-290,1
282-254-252-186-187-188-273-290,1
282-206-208-269-267-188-273-290,1
255-256-257-258-196-253-206-208-269,13
255-167-262-178-257-258-259-208-269,10
255-256-257-187-266-197-259-208-269,7
255-256-257-258-259-208-269,1
75-118-68-135-133-56-57-157-156-155,8
75-118-68-135-133-132-49-51-156-155,8
75-118-116-60-133-56-57-157-156-155,2
75-118-68-135-62-64-158-157-156-155,2
75-118-116-114-55-56-57-157-156-155,2
9-13-53-55-132-131-130-129,2
9-13-119-58-60-133-132-131-130-129,2
9-91-45-47-131-130-129,1
9-91-89-87-85-29-109-38-129,3
9-91-45-112-55-132-131-130-129,1
9-91-89-87-37-38-129,1
112-113-59-120-14-91-89-87-85-83-81-79-100,18
112-55-132-131-130-129-128-127-126-101-79-100,1
112-55-132-48-46-89-87-85-83-81-79-100,1
112-55-132-131-130-129-32-30-83-81-79-100,1
112-55-132-131-42-41-87-85-83-81-79-100,1
277-189-265-178-177-176-175-174-173-172-171-215,28
277-189-266-197-196-252-250-176-175-174-173-172-171-215,1
277-189-266-197-196-195-194-193-192-191-219-217-215,1
277-189-266-197-196-195-243-242-175-174-173-172-171-215,1
98-70-124-66-68-135-62-64-158-157-245-247-176-175-174-173-172,3
98-70-72-118-68-135-62-64-260-262-178-177-176-175-174-173-172,1
98-70-72-118-68-135-62-64-158-255-256-177-176-175-174-173-172,17
98-70-72-74-137-135-62-64-158-157-245-247-176-175-174-173-172,3
98-70-72-118-68-135-62-64-158-157-245-247-176-175-174-173-172,11
98-70-72-74-137-135-62-64-260-262-178-177-176-175-174-173-172,1
36-145-40-235-164-165-166-167-168-290,22
36-145-146-147-148-57-255-167-168-290,1
36-145-146-147-148-149-64-260-262-264-188-273-290,1
36-145-146-147-148-149-64-260-168-290,1
159-160-161-162-163-164-165-246-52-148-149-64-158,28
159-160-161-162-163-164-240-44-147-148-149-64-158,1
159-213-105-142-143-144-145-146-147-148-149-64-158,1
15-58-114-54-14-92-12,4
15-58-115-67-122-16-12,2
15-121-66-116-59-16-12,2
15-58-115-67-18-95-12,1
15-121-18-95-12,1
154-153-224-162-163-164-165-166-167-261-65,12
154-36-145-40-235-164-165-166-167-261-65,4
154-36-145-146-147-148-57-157-245-166-167-261-65,1
154-229-163-164-165-166-167-261-65,1
154-36-145-146-147-148-57-255-167-261-65,1
242-241-165-166-256-257-258,11
242-241-165-166-167-262-178-257-258,13
242-241-165-247-249-252-186-258,1
242-175-174-233-183-184-185-186-258,1
176-175-237-238-239-202-244-194-193-192-222,33
176-175-174-173-172-171-216-180-181-227-192-222,1
176-175-174-233-183-238-193-192-222,1
176-175-174-173-226-227-192-222,1
236-237-184-242-241-165-246-52-148-149-63-61-115-68-135,28
236-174-232-163-164-165-246-52-148-149-63-61-115-68-135,1
236-174-232-163-164-240-44-147-148-149-63-61-115-68-135,1
236-174-232-230-36-145-146-147-148-149-63-61-115-68-135,1
236-174-232-230-36-34-32-109-110-111-112-113-115-68-135,1
9-92-15-121-123-71-99,8
9-13-119-121-123-71-99,6
9-92-94-17-123-71-99,2
9-13-119-121-18-96-99,2
183-184-242-241-165-166-167-168-290,27
183-238-239-202-204-206-208-210-277-273-290,1
183-238-239-202-204-206-208-269-267-188-273-290,2
183-184-185-250-248-166-167-168-290,1
183-184-185-186-187-188-273-290,1
155-235-164-165-246-52-148-149-64-260-168-272,19
155-154-153-224-162-163-164-165-166-167-168-272,5
155-154-229-163-164-165-166-167-168-272,1
155-154-36-145-146-147-148-57-255-167-168-272,1
92-15-58-60-62-64-158-157-156-155-154-229-231,3
92-15-58-60-133-56-57-157-156-155-154-229-231,17
92-15-58-114-55-56-57-157-156-155-154-229-231,8
92-15-58-60-133-132-131-130-129-33-35-229-231,1
92-15-58-114-55-132-131-130-129-33-35-229-231,2
274-189-265-178-177-176-175-174-173-172-171-170,29
274-189-266-197-196-195-243-242-175-174-173-172-171-170,1
274-189-266-197-196-195-194-193-192-191-219-217-170,1
207-205-244-243-242-241-165-246-156-155,25
207-254-252-250-176-241-240-155,1
207-205-244-243-242-241-240-155,1
207-254-252-250-248-246-156-155,1
159-213-105-142-143-144-35-229-163-236-174-232,7
159-160-161-162-163-164-165-247-176-175-174-232,9
213-105-142-143-144-35-153-224-162-163-164-240,16
213-105-142-143-144-145-146-147-51-156-155-235-164-240,10
213-105-142-143-144-35-229-163-164-240,1
213-105-142-143-144-145-40-235-164-240,1
241-165-246-52-148-57-255-256,24
241-165-166-167-261-158-255-256,1
241-165-166-256,1
241-165-247-249-252-250-248-166-256,1
9-91-45-112-55-56-57-255-256-257-258-259,2
9-91-45-47-49-148-57-255-256-257-258-259,13
9-13-53-113-60-62-64-260-262-264-266-197-259,2
9-13-119-58-60-62-64-260-262-178-257-258-259,1
9-13-53-55-56-57-255-256-257-258-259,1
9-13-119-58-60-62-64-260-262-264-266-197-259,1
52-50-131-130-129-33-35-229-163-236-174-232,20
52-148-57-157-156-155-235-236-174-232,12
52-148-149-64-158-157-245-247-176-175-174-232,2
52-148-57-157-245-247-176-175-174-232,3
52-148-57-255-256-177-176-175-174-232,1
174-233-183-238-239-202-204-254-195,10
174-173-226-227-228-200-202-204-254-195,11
174-232-163-236-237-184-185-251-195,1
174-233-183-184-185-186-258-196-195,1
174-173-226-182-183-184-185-251-195,1
64-158-157-245-247-176-175-174-173-226-227-192-222,7
64-158-255-256-177-176-175-237-238-193-192-222,16
64-158-157-245-247-176-175-237-238-193-192-222,6
64-260-262-178-177-176-175-174-173-226-227-192-222,3
282-205-244-243-242-241-240-155-154-153-152-151-105-141,19
282-205-244-194-193-192-222-221-171-215-213-105-141,1
282-205-244-243-242-175-174-232-230-153-152-151-105-141,1
282-205-244-194-193-192-191-219-217-215-213-105-141,1
282-254-195-194-193-192-191-219-217-215-213-105-141,1
147-148-149-63-61-115-67-18-96-20,7
147-50-48-112-113-115-67-18-96-20,5
147-50-48-112-113-59-121-18-96-20,4
147-148-149-63-134-69-67-18-96-20,8
147-148-149-63-61-59-16-94-96-20,5
147-148-149-63-61-59-121-18-96-20,2
192-222-181-182-183-184-242-241-165-246-156,21
192-191-219-217-215-160-161-162-163-164-165-246-156,1
192-222-221-220-161-162-230-36-145-146-147-51-156,1
274-189-265-178-177-176-175-174-173-172-171-215,34
274-189-266-197-196-195-194-193-192-222-221-171-215,1
85-29-109-110-111-112-113-115-67-18-96-20,2
85-29-109-110-111-112-113-59-121-18-96-20,2
85-29-109-110-111-46-90-13-119-121-18-96-20,8
85-29-109-110-111-46-90-92-94-96-20,1
216-180-181-182-183-238-239-202-244-194-193-192-222-221,9
216-180-181-227-228-200-202-244-194-193-192-222-221,5
216-180-221,1
28-224-162-163-236-237-238-193-192-222,5
28-224-162-163-236-174-173-226-227-192-222,21
28-224-225-226-182-183-238-193-192-222,1
257-187-265-263-261-65-63-61-59-121-18-95-12,4
257-187-265-263-261-65-63-61-115-67-18-95-12,8
257-187-265-263-261-65-63-61-114-54-119-16-12,1
257-187-265-263-261-65-63-61-115-67-122-16-12,4
257-187-265-263-261-65-63-134-69-67-18-95-12,2
282-205-244-243-242-175-174-233-183,4
282-205-244-194-193-192-222-181-182-183,5
282-205-244-243-242-175-174-173-226-182-183,5
282-254-195-243-242-175-174-233-183,1
282-254-252-250-176-175-174-233-183,1
282-205-244-243-185-186-187-266,2
282-206-208-269-267-265-178-257-187-266,9
282-206-208-269-197-196-252-186-187-266,5
282-254-195-243-185-186-187-266,2
11-15-58-115-68-135-62-64-260-168-271,18
11-15-58-60-62-64-158-255-167-168-271,7
11-15-58-60-133-56-149-64-260-168-271,1
11-15-121-66-68-135-62-64-260-168-271,8
11-15-58-60-62-64-260-262-264-188-273-271,2
11-15-58-60-62-64-260-168-271,1
98-70-72-118-68-135-62-64-158-255-256-177-176-175-174-173-172-171-215-292,17
98-70-72-118-68-135-62-64-158-157-245-247-176-175-174-173-172-171-215-292,12
98-70-72-74-137-135-62-64-158-157-245-247-176-175-174-173-172-171-215-292,2
98-70-124-66-68-135-62-64-158-157-245-247-176-175-174-173-172-171-215-292,2
98-70-72-118-68-135-62-64-260-262-178-177-176-175-174-173-172-171-215-292,4
98-70-72-74-137-135-62-64-260-262-178-177-176-175-174-173-172-171-215-292,1
122-58-60-62-64-260-262-178-257-258-196-253-281,16
122-58-60-62-64-158-255-256-257-258-259-207-281,6
122-58-60-62-64-260-262-178-257-258-259-207-281,1
122-58-60-62-64-260-262-264-266-268-209-207-281,1
121-66-68-135-62-64-158-255-256-257-258-196-253,6
121-66-68-135-133-56-57-255-256-257-258-196-253,7
121-66-68-135-62-64-260-262-178-257-258-196-253,3
121-66-116-60-62-64-260-262-178-257-258-196-253,1
121-66-116-60-62-64-260-262-264-266-197-196-253,1
289-219-180-221-171-215-160-161-225-226-182-183,10
289-219-217-215-160-161-162-231-233-183,1
289-219-217-215-160-161-225-226-182-183,1
5-37-38-129-33-35-153-224-225-172,7
5-85-29-31-33-35-153-224-225-172,23
5-85-29-31-33-35-229-231-173-172,3
5-85-29-31-128-27-28-224-225-172,1
285-269-267-265-178-177-248-246-156-44-43-42-41-87-85,8
285-269-267-265-178-177-248-246-52-50-131-42-41-87-85,1
285-269-267-265-263-261-158-157-52-50-131-42-41-87-85,1
285-269-267-265-178-177-248-246-52-50-48-46-89-87-85,1
285-269-267-265-263-261-65-63-133-132-48-46-89-87-85,1
285-269-267-265-263-261-158-157-52-50-48-46-89-87-85,1
219-180-181-182-183-184-242-241-165-246-52-148-149-63-61-59-121-18-96-70,26
219-217-215-160-161-162-163-164-165-246-52-148-149-63-61-59-121-18-96-70,3
219-180-221-220-161-162-230-36-145-146-147-148-149-63-61-59-121-18-96-70,1
265-178-257-187-188-273-271-137,14
265-263-261-65-63-61-59-121-66-117-74-137,2
265-263-261-65-63-61-59-121-123-72-74-137,1
265-263-261-65-63-61-115-117-74-137,1
265-263-261-65-63-134-69-117-74-137,2
119-58-115-68-135-133-56-149,19
119-58-114-55-132-49-148-149,1
119-58-60-133-132-49-148-149,1
192-191-219-217-215-213-105-142-23-126-101-79-100,3
192-222-221-220-291-24-23-22-21-79-100,1
55-56-57-157-245-166-256-257-258-259-283,16
55-56-149-64-158-255-256-257-258-259-283,2
55-56-149-64-260-262-178-257-258-259-283,1
55-56-149-64-260-262-264-266-268-209-283,1
55-56-149-64-260-262-264-266-197-259-283,1
239-202-244-243-242-241-165-246-52-50-48-46-89-87-85-83-81-1,14
239-202-244-243-242-241-165-246-52-50-131-130-129-32-30-83-81-1,2
239-202-244-243-242-241-240-155-154-36-34-32-30-83-81-1,1
239-202-244-243-242-175-174-232-230-36-34-32-30-83-81-1,1
239-202-244-243-242-241-240-44-43-130-129-32-30-83-81-1,1
43-130-129-33-35-153-224-225-172-171-170,23
43-130-129-128-27-28-224-225-172-171-170,6
43-130-129-33-35-229-231-173-172-171-170,2
43-130-129-128-127-126-102-104-212-214-170,1
88-45-47-131-130-129-128-127-126-101-79-106-21-80-82,7
88-45-47-131-130-129-32-30-83-81-79-106-21-80-82,2
88-90-13-53-55-132-131-130-129-128-127-22-21-80-82,3
88-45-47-131-130-129-128-127-126-101-106-21-80-82,1
88-45-47-131-130-129-128-127-22-21-80-82,1
88-45-112-55-132-131-130-129-128-127-22-21-80-82,1
274-189-265-263-168-290,3
274-189-265-178-257-187-188-273-290,11
274-273-271-137-69-117-74-270-290,1
274-273-290,1
139-137-135-62-64-158-157-245-247-176-175-174-173-226-227-228-200,11
139-137-135-62-64-260-262-178-177-176-175-237-238-193-228-200,1
139-137-135-62-64-158-255-256-177-176-175-237-238-193-228-200,5
139-137-135-62-64-260-262-178-177-176-175-174-173-226-227-228-200,4
139-137-135-62-64-158-157-156-155-235-236-237-238-193-228-200,5
139-137-135-62-64-158-157-245-247-176-175-237-238-193-228-200,1
224-162-163-236-237-238-239-202-204-206,10
224-225-226-227-228-200-202-204-206,4
224-225-226-182-183-238-239-202-204-206,6
224-162-231-233-183-238-239-202-204-206,6
224-162-163-236-237-184-185-251-253-206,1
239-202-244-243-185-250-176-241-240,16
239-202-244-243-242-175-174-232-163-164-240,2
239-202-204-254-195-243-242-241-240,6
239-202-244-243-242-241-240,1
239-202-204-254-252-250-176-241-240,1
239-202-204-254-195-243-185-250-176-241-240,1
31-33-35-153-224-162-163-236-237,20
31-128-27-144-35-229-163-236-237,1
31-33-35-229-163-236-237,1
257-187-265-178-177-248-246-156-155-154-153-152-151-212-160,13
257-258-196-252-250-176-175-174-173-172-171-215-160,14
257-258-196-195-194-193-192-222-221-171-215-160,1
257-258-196-195-243-242-175-174-173-172-171-215-160,1
257-187-265-178-177-176-175-174-173-172-171-215-160,3
148-149-63-133-132-48-46-89-87-85-4,2
148-57-157-52-50-131-42-41-87-85-4,5
148-57-157-156-44-43-130-129-32-30-4,1
148-57-157-52-50-48-46-89-87-85-4,3
159-160-161-162-163-236-174-173-172-171-170,21
159-160-161-225-172-171-170,1
159-214-170,1
76-106-107-108-31-33-35-229-163-164-165-166-167-262-264,21
76-106-107-108-109-38-39-146-147-148-149-64-260-262-264,1
76-100-102-142-143-144-145-146-147-148-149-64-260-262-264,1
76-106-107-108-109-110-111-112-113-60-62-64-260-262-264,1
143-144-35-153-224-162-163-236,16
143-144-35-229-163-236,1
143-28-224-162-163-236,1
143-144-145-146-147-51-156-155-235-236,1
165-246-156-155-235-236-237-238-193-192-191,26
165-247-176-175-174-233-183-238-193-192-191,1
165-166-256-177-176-175-237-238-193-192-191,3
165-247-176-175-174-173-226-227-192-191,1
165-166-256-177-176-175-174-173-226-227-192-191,3
165-247-176-175-237-238-193-192-191,1
180-181-182-183-238-239-202-204-206-208-210-286,12
180-181-227-228-200-202-204-206-208-210-286,6
248-246-156-44-43-42-41-87-85-83-25,3
248-246-52-50-131-130-129-32-30-83-25,1
248-246-156-44-43-130-129-32-30-83-25,1
248-246-52-50-131-42-41-87-85-83-25,7
248-246-156-155-154-36-34-32-30-83-25,1
248-246-52-50-48-46-89-87-85-83-25,1
37-38-129-33-35-229-231-233-183-238-239-202-204-281,9
37-38-39-40-235-236-237-238-239-202-204-281,3
37-38-129-33-35-229-163-236-237-238-239-202-204-281,2
37-38-129-33-145-40-235-236-237-238-239-202-204-281,1
37-38-39-40-154-229-163-236-237-238-239-202-204-281,9
153-224-162-163-164-240,3
153-224-225-172-220-161-162-163-164-240,16
153-152-24-143-144-35-229-163-164-240,3
153-152-151-212-160-161-162-163-164-240,2
153-152-24-143-144-145-40-235-164-240,1
149-63-133-132-131-130-129-128-127-22-107-108-30-84,11
149-64-158-157-52-50-131-130-129-32-30-84,1
153-224-162-163-164-165,3
153-224-225-172-220-161-162-163-164-165,21
153-152-24-143-144-35-229-163-164-165,1
153-152-24-143-144-145-40-235-164-165,1
140-103-101-106-21-80-25-108,6
140-103-101-79-106-107-108,4
140-142-23-126-101-106-107-108,6
140-142-23-22-107-108,1
156-155-154-153-224-225-226-182,4
156-155-154-153-224-162-163-236-174-173-226-182,20
156-155-154-153-224-162-231-173-226-182,2
156-155-154-229-231-173-226-182,1
156-155-235-236-174-173-226-182,2
156-155-154-229-163-236-174-173-226-182,1
164-165-246-52-148-149-63-134-69-67-122,10
164-165-246-52-50-48-112-113-115-67-122,9
164-165-246-52-148-149-63-61-115-67-122,4
164-165-166-167-261-65-63-61-115-67-122,2
76-106-21-79-100-125,2
76-79-100-102-142-23-126-125,18
76-106-107-108-31-128-127-126-125,1
76-79-100-125,1
195-243-242-241-165-246-156-155,23
195-243-242-175-174-232-163-164-240-155,1
195-243-242-241-240-155,1
195-243-185-250-248-246-156-155,1
37-38-129-32-30-84-86-88-90-10,8
37-38-129-32-109-110-111-46-90-10,3
37-38-129-32-109-110-41-88-90-10,1
37-110-111-46-90-10,1
37-110-111-112-113-59-120-14-10,1
11-15-58-115-68-135-133-132-131-130,24
11-15-121-66-68-135-133-132-131-130,6
11-15-58-60-133-132-131-130,1
11-93-13-53-55-132-131-130,1
11-15-58-114-55-132-131-130,1
11-93-91-45-47-131-130,1
13-53-55-132-49-51-156-155-154,3
13-53-113-60-62-64-158-157-156-155-154,13
13-53-55-132-49-51-246-156-155-154,6
13-53-55-56-57-157-156-155-154,4
13-119-58-60-62-64-158-157-156-155-154,3
13-53-55-132-131-130-39-40-154,1
251-195-194-193-192-222-181-227-228-199,23
251-195-194-193-228-199,1
98-70-72-74-137-135-62-64-158-157-156-155-154-153-152-151-105-141,4
98-70-72-74-137-135-133-132-131-130-129-33-35-153-152-151-105-141,1
98-70-124-66-68-135-133-132-131-130-129-33-35-153-152-151-105-141,1
7-90-13-119-58-115-67-18-95,3
7-90-13-53-113-59-121-18-95,18
7-90-13-119-121-18-95,2
7-45-112-113-115-67-18-95,1
48-46-90-13-119-121-18-96-20,11
48-112-113-115-67-18-96-20,1
48-112-113-59-16-94-96-20,3
48-46-90-13-119-16-94-96-20,1
159-160-161-162-231-173-226-227-192-191-288,18
159-160-161-225-172-171-216-218-288,2
159-160-161-225-226-227-192-191-288,4
159-214-216-180-181-227-192-191-288,2
159-160-291-151-212-214-216-218-288,1
131-42-111-112-113-59-121-66-117-74-270,3
131-42-111-112-113-59-121-123-72-74-270,9
131-42-111-112-113-59-121-66-68-136-270,3
131-42-41-88-45-112-113-115-68-136-270,10
131-42-111-112-113-115-68-136-270,3
159-160-161-162-163-164-165-246-52-50-48-46-90-92,26
159-160-161-162-230-36-34-32-30-84-86-88-90-92,1
139-137-135-61-114-54-14-10,3
139-75-118-116-59-120-14-10,15
139-137-135-61-59-120-14-10,2
139-75-118-116-114-54-14-10,3
139-137-69-116-114-54-14-10,5
159-160-161-162-163-236-237-238-193-228-199,7
159-214-216-180-181-182-183-238-193-228-199,9
159-160-161-225-226-182-183-238-193-228-199,19
159-214-216-180-181-227-228-199,2
159-160-161-162-231-173-226-227-228-199,1
40-235-164-165-246-156-155-154-153-152-151,34
40-154-36-34-128-27-144-35-153-152-151,1
40-235-164-240-155-154-153-152-151,1
127-22-107-108-109-110-41-87-85-4,6
127-126-101-79-106-107-108-30-4,12
127-126-101-106-107-108-30-4,1
127-22-21-79-106-107-108-30-4,1
127-22-21-80-25-108-30-4,1
215-213-105-142-143-144-35-229-163-164-165-246,15
215-160-161-162-163-164-165-246,13
215-160-161-162-163-164-240-44-147-51-246,1
215-160-161-162-230-36-145-146-147-51-246,1
215-213-105-142-143-144-145-146-147-51-246,1
274-189-265-178-177,6
274-189-265-263-261-158-255-256-177,5
274-189-265-263-261-158-157-245-166-256-177,1
274-276-211-269-267-265-178-177,1
274-273-169-262-178-177,1
231-233-183-184-242-241-165-246-156-44-43-42,20
231-233-183-184-242-241-165-246-52-50-131-42,11
231-173-172-220-161-162-163-164-240-44-43-42,1
231-173-226-182-183-184-242-241-240-44-43-42,1
231-233-183-184-242-241-240-44-43-42,1
291-24-143-144-35-153-224-225-172-171-215-292,15
291-24-143-144-35-229-231-173-172-171-215-292,1
291-24-143-28-224-225-172-171-215-292,1
291-151-212-214-216-180-221-171-215-292,1
291-151-212-160-161-225-172-171-215-292,1
291-151-212-160-161-162-231-173-172-171-215-292,1
274-189-265-178-177-176-175-237-238-193-192,20
274-189-265-178-177-176-175-174-173-226-227-192,18
274-189-266-197-259-207-205-244-194-193-192,1
274-276-211-209-207-205-244-194-193-192,1
227-192-222-221-171-215-160-161-162-230-153-224,9
227-192-191-219-180-221-220-161-162-230-153-224,15
227-192-222-181-182-234-232-230-153-224,1
227-192-222-221-220-291-24-143-28-224,1
204-254-252-250-248-246-156-44-43-130-129-32-30-83-25,3
204-254-252-250-248-246-156-155-154-36-34-32-30-83-25,4
204-254-252-250-248-246-156-44-43-42-41-87-85-83-25,9
204-254-252-250-248-246-52-50-131-42-41-87-85-83-25,6
204-254-252-250-248-246-52-50-48-46-89-87-85-83-25,2
223-222-221-220-161-225-226-227-192,4
223-222-181-182-234-173-226-227-192,3
223-222-221-171-216-180-181-227-192,1
223-191-219-180-181-227-192,2
223-222-181-182-183-238-193-192,4
7-89-87-85-29-31-33-35-153-224-225-172-171-216-218-190,3
7-89-87-85-29-31-33-35-153-224-225-226-227-192-191-190,10
7-89-87-37-38-129-33-35-153-224-225-226-227-192-191-190,5
7-45-47-131-130-129-33-35-153-224-225-226-227-192-191-190,7
7-89-87-85-83-81-79-100-102-104-212-214-216-218-190,1
274-189-265-178-177-248-246-52-50-131-130-129-32-30-83,23
274-273-271-137-135-133-132-131-42-41-87-85-83,1
287-277-189-265-178-177-248-246-52-50-131,11
287-277-189-265-263-261-65-63-133-132-131,6
287-277-189-265-263-261-158-157-52-50-131,2
287-211-269-267-265-263-261-158-157-52-50-131,1
287-211-269-267-265-178-177-248-246-52-50-131,1
232-163-164-165-246-156-155,22
232-163-164-240-44-147-51-156-155,1
215-160-161-162-163-164-165-166-256-257-187-188-276-286,4
215-160-161-162-163-164-165-166-256-257-187-266-268-210-286,11
215-160-161-225-226-182-183-238-239-202-204-206-208-210-286,1
215-160-161-162-163-164-165-166-167-262-264-188-276-286,1
11-93-13-53-55-132-131-130-129-33-145,5
11-93-91-45-47-131-130-129-33-145,1
11-93-91-89-87-85-29-31-33-145,1
11-15-58-60-133-132-131-130-129-33-145,1
11-15-58-114-55-132-131-130-129-33-145,4
11-93-91-89-87-37-38-129-33-145,1
240-155-235-164-165-166-256-257-258-196,32
240-44-147-148-149-64-260-262-264-266-197-196,1
240-155-235-236-237-184-185-186-258-196,1
136-75-118-68-135-61-114-55-132-131-130-129-128-127-22,2
136-75-73-124-66-68-135-133-132-131-130-129-128-127-22,6
136-75-118-67-122-58-60-133-132-131-130-129-128-127-22,1
136-75-118-68-135-133-132-131-130-129-128-127-22,2
136-75-118-116-60-133-132-131-130-129-128-127-22,2
235-164-165-166-167-262-264-266-268,14
235-164-165-166-167-262-178-257-187-266-268,12
235-164-165-166-256-257-187-266-268,5
235-164-165-247-249-252-186-187-266-268,1
235-236-237-184-185-186-187-266-268,1
155-154-153-152-24-143-144-34-32-109,8
155-154-153-152-24-23-22-107-108-109,2
155-154-36-145-146-43-130-129-32-109,1
155-154-36-34-32-30-83-25-108-109,2
155-154-36-34-128-127-22-107-108-109,1
176-241-165-246-156-155-235-236-237-184-242-175,23
176-241-240-155-154-229-163-236-237-184-242-175,1
176-241-240-155-154-229-231-233-183-184-242-175,1
176-241-240-155-235-236-174-233-183-184-242-175,1
159-160-161-162-163-164-165-246-52-148-149-63-61-115-117-73-71-99,18
159-160-161-162-163-164-165-246-52-148-149-63-61-59-121-123-71-99,1
159-160-161-162-163-164-165-246-52-148-149-63-134-69-117-73-71-99,8
7-45-112-113-59-120-14-91-8,16
7-45-112-55-132-48-46-8,1
7-89-87-37-110-41-88-8,1
159-160-161-225-226-227-192-222-181-182-234,11
159-160-161-162-163-236-174-173-226-182-234,2
159-160-161-225-172-171-216-180-181-182-234,1
159-160-161-162-231-173-226-182-234,1
159-214-216-180-181-182-234,1
256-177-176-241-165-246-52-50-48-46-90-10,29
256-177-248-246-156-44-147-50-48-46-90-10,1
256-177-248-246-52-50-131-42-111-46-90-10,1
23-126-101-106-107-108-30-84-37,10
23-22-107-108-109-110-41-87-37,2
200-202-244-243-185-186-187-266-197-259-208-269-267,7
200-202-244-243-185-186-258-259-208-269-267,3
200-202-244-243-185-251-253-206-208-269-267,1
200-202-204-206-208-269-267,1
200-202-204-254-252-186-258-259-208-269-267,2
253-205-244-243-242-241-165-166-167-168,27
253-206-208-269-267-265-263-261-158-255-167-168,1
253-206-208-269-267-265-178-177-248-166-167-168,1
72-118-68-135-62-64-158-157-245-247-176-175-174-173-172-171-170,14
72-74-137-135-62-64-158-255-256-177-176-175-174-173-172-171-170,8
72-118-68-135-62-64-158-255-256-177-176-175-174-173-172-171-170,3
72-74-137-135-62-64-158-157-245-247-176-175-174-173-172-171-170,1
72-118-68-135-62-64-260-262-178-177-176-175-174-173-172-171-170,5
72-74-137-135-62-64-260-262-178-177-176-175-174-173-172-171-170,1
285-209-207-205-244-194-239-279,19
285-209-207-254-195-194-239-279,1
285-269-197-259-207-205-203-279,1
285-269-197-196-253-205-203-279,1
285-269-197-196-195-194-239-279,1
285-209-207-205-203-279,1
198-200-202-244-243-185-250-176-241-165-246,16
198-200-202-244-243-242-241-165-246,8
198-200-202-204-254-252-250-176-241-165-246,6
198-200-202-204-254-195-243-242-241-165-246,4
198-200-202-244-243-185-250-248-246,1
198-200-202-204-254-252-250-248-246,1
159-160-161-162-230-36-34-32-30,2
159-213-105-103-101-106-107-108-30,2
159-213-105-103-101-79-106-107-108-30,6
164-165-246-156-155-154-153-224-225-172-171,29
164-240-155-154-229-231-173-172-171,1
164-165-247-176-175-174-173-172-171,1
164-240-155-235-236-174-173-172-171,1
36-145-146-147-50-48-112-113-115-68-136,3
36-145-146-147-148-149-63-61-59-121-66-68-136,1
36-145-146-147-148-149-63-61-115-68-136,2
36-34-32-109-110-111-112-113-115-68-136,1
36-145-146-43-42-111-112-113-115-68-136,1
274-189-265-178-177-176-175-237-238-239,11
274-189-265-178-257-258-196-195-194-239,17
274-276-211-209-207-205-244-194-239,1
274-189-266-197-259-207-205-244-194-239,1
206-208-269-197-259-207-205-244-243-242-175,12
206-208-269-197-196-195-243-185-250-176-175,2
206-208-269-267-265-178-177-176-175,1
206-208-269-197-196-195-243-242-175,2
206-208-269-197-196-252-250-176-175,1
76-106-107-108-109-110-111-112-113-115-68-136-270-272-275,7
76-100-102-142-143-144-145-146-147-148-149-64-260-168-272-275,2
76-106-107-108-109-38-39-146-147-148-149-64-260-168-272-275,1
76-106-107-108-31-33-145-146-147-148-149-64-260-168-272-275,1
76-106-107-108-109-110-111-112-113-115-117-74-270-272-275,1
233-183-184-242-241-165-246-52-50-48-46-90-10,9
233-183-184-242-241-165-246-156-44-147-50-48-46-90-10,17
233-183-184-242-241-240-44-147-50-48-46-90-10,1
233-183-184-242-241-240-44-43-42-41-88-90-10,1
233-183-184-242-241-240-44-43-42-111-46-90-10,1
233-183-184-185-250-248-246-52-50-48-46-90-10,1
66-116-60-133-132-131-130-129-128-127-126-101-77,3
66-116-59-120-14-91-89-87-85-83-81-79-77,2
66-116-114-54-14-91-89-87-85-83-81-79-77,1
66-68-135-133-132-131-130-129-128-127-126-101-79-77,3
66-68-135-133-132-131-130-129-128-127-126-101-77,1
66-116-114-55-132-131-130-129-128-127-126-101-77,1
71-97-17-122-58-60-133-56-57-157-245-247-176,20
71-97-17-122-58-60-62-64-158-255-256-177-176,3
71-97-17-122-58-60-62-64-158-157-245-247-176,4
71-97-95-15-58-60-62-64-260-262-178-177-176,1
71-97-17-122-58-60-62-64-260-262-178-177-176,1
55-132-49-51-246-156-155-154,3
55-132-131-130-129-33-145-40-154,3
55-56-149-64-158-157-156-155-154,8
55-56-57-157-156-155-154,3
55-132-131-130-39-40-154,2
55-132-49-51-156-155-154,2
179-180-181-227-228-200-202-244-243-185-251-253-205,23
179-180-181-182-183-184-185-186-187-266-197-259-207-205,1
179-180-181-182-183-184-185-186-258-196-253-205,1
179-180-181-182-183-184-185-186-258-259-207-205,1
140-142-143-144-145-146-147-148-149-63-61-115-68-136-138,6
140-142-143-144-145-146-147-148-149-63-61-115-117-74-138,2
159-160-161-225-226-227-192-191-219-180-181,20
159-160-161-225-226-227-192-222-181,8
159-160-161-162-231-173-172-171-216-180-181,6
159-160-161-225-172-171-216-180-181,1
159-214-216-180-181,1
180-181-227-228-200-202-204-206-208-210-277-273,2
180-181-182-183-238-239-202-204-206-208-269-267-188-273,1
180-181-227-228-200-202-244-243-185-186-187-188-273,18
180-181-182-183-184-185-186-187-188-273,1
7-45-47-131-130-39-40-235-236-237-238-239-279,4
7-45-47-131-130-129-33-35-229-163-236-237-238-239-279,8
7-89-87-85-29-31-33-35-229-163-236-237-238-239-279,14
7-45-47-49-51-246-156-155-235-236-237-238-239-279,2
7-89-87-37-38-39-40-235-236-237-238-239-279,1
5-85-29-31-33-35-153-224-225-172-171-170,20
5-37-38-129-33-35-153-224-225-172-171-170,7
5-85-29-31-33-35-153-152-151-212-214-170,1
5-85-83-81-79-100-102-104-212-214-170,1
5-85-29-31-128-127-126-102-104-212-214-170,1
274-189-265-178-177-176-175-174-173-172-220-291-24,2
274-189-265-178-177-176-241-240-155-154-153-152-24,6
274-189-265-178-177-248-246-156-155-154-153-152-24,4
274-189-265-178-177-176-175-174-232-230-153-152-24,2
274-189-265-263-261-158-157-156-155-154-153-152-24,1
41-87-37-38-39-40-235-164-165-246,33
41-87-37-110-111-47-49-51-246,1
41-88-90-13-53-55-132-49-51-246,1
41-87-37-38-39-146-147-51-246,1
2-25-108-31-33-35-229-163-236-237-238-193,5
2-25-26-27-28-224-225-226-182-183-238-193,6
2-25-26-27-28-224-162-163-236-237-238-193,8
2-25-26-27-144-35-229-231-233-183-238-193,5
2-25-26-27-144-145-40-235-236-237-238-193,1
2-25-26-27-144-35-229-163-236-237-238-193,2
235-164-165-246-156-44-147-148-57-157,7
235-164-165-246-52-148-149-64-158-157,4
235-164-165-166-167-261-158-157,1
235-164-165-246-52-148-57-157,1
235-164-240-44-147-148-149-64-158-157,1
235-164-240-44-147-148-57-157,1
229-163-164-165-166-256-177-176-175,29
229-163-236-174-233-183-184-242-175,1
229-231-233-183-184-242-175,1
285-269-267-265-178-177-248-246-156-155-154-153-152-24-23-126-101-77,17
285-269-267-265-263-261-158-157-52-50-131-130-129-128-127-126-101-77,1
285-269-267-265-178-177-248-246-52-50-131-130-129-128-127-126-101-77,2
285-269-267-265-263-261-158-157-156-44-43-130-129-128-127-126-101-77,1
19-70-124-66-68-135-133-132-131-130-129-33-35-153-152-151-105-141,3
19-70-72-118-68-135-133-132-131-130-129-33-35-153-152-151-105-141,5
19-70-72-118-68-135-62-64-158-157-156-155-154-153-152-151-105-141,1
19-70-72-74-137-135-133-132-131-130-129-33-35-153-152-151-105-141,1
165-166-256-257-258-259-207-205-244-194,5
165-166-256-257-258-196-195-194,9
165-247-176-175-237-238-239-202-244-194,18
165-247-176-175-237-184-185-251-195-194,1
165-247-249-186-258-196-195-194,1
214-216-180-181-182-183-184-242-241-165-246-52-148-149-63-61-115-117-73-71-99,19
214-216-180-221-220-161-162-163-164-165-246-52-148-149-63-134-69-117-73-71-99,1
214-216-180-221-220-161-162-230-36-145-146-147-148-149-63-61-115-117-73-71-99,1
214-216-180-181-182-183-184-185-186-187-188-273-271-75-73-71-99,1
274-189-265-178-177-176-175-237-238-193-192-191-288,12
274-189-265-178-177-176-175-174-173-226-227-192-191-288,20
274-189-266-268-209-207-205-244-194-193-192-191-288,1
274-189-266-197-259-207-205-244-194-193-192-191-288,1
274-276-211-209-207-205-244-194-193-192-191-288,1
274-189-266-197-196-195-194-193-192-191-288,1
204-254-195-243-242-241-240-155-154-153-152-151-105-141,21
204-254-252-250-176-175-174-232-230-153-152-151-105-141,1
204-254-195-194-193-192-191-219-217-215-213-105-141,1
204-254-195-243-242-175-174-232-230-153-152-151-105-141,1
204-254-195-194-193-192-222-221-171-215-213-105-141,1
155-154-36-34-32-30-84-86-88-45-47,15
155-154-36-34-32-109-110-41-88-45-47,3
155-235-164-240-44-43-42-111-47,5
155-154-36-34-32-109-110-111-47,2
243-242-241-165-246-156-155-154,27
243-242-241-240-155-154,1
243-242-175-174-232-163-164-240-155-154,1
243-185-250-248-246-156-155-154,1
173-226-182-183-184-242-175-174-232-163,10
173-226-227-192-222-221-220-161-162-163,8
173-172-220-161-162-163,1
173-172-171-216-180-221-220-161-162-163,4
173-226-182-234-232-163,1
146-43-130-129-33-35-153-224-225-172-171-215-292,5
146-147-51-156-155-154-153-224-225-172-171-215-292,19
146-147-51-156-155-235-236-174-173-172-171-215-292,3
146-43-130-129-128-27-28-224-225-172-171-215-292,1
152-24-143-144-35-153-224-225-172-171-215-292,16
152-24-143-144-35-229-231-173-172-171-215-292,1
152-151-212-160-161-162-231-173-172-171-215-292,1
219-180-221-220-161-162-230-36-34-32-30-84-86-88-90-10,8
219-180-221-220-161-162-230-36-34-32-109-110-41-88-90-10,1
219-217-215-160-161-162-230-36-34-32-30-84-86-88-90-10,3
219-180-221-220-161-162-230-36-34-32-109-110-111-46-90-10,4
192-191-219-180-181-182-183-184-242-175-174,5
192-191-219-180-221-220-161-162-163-236-174,19
192-222-181-182-234-232-163-236-174,2
192-222-181-182-183-184-242-175-174,3
192-191-219-217-215-160-161-162-163-236-174,1
135-133-56-57-157-245-166-167-262-264,25
135-62-64-158-157-245-166-167-262-264,4
135-133-56-57-255-167-262-264,2
135-62-64-260-262-264,1
45-47-131-130-129-33-35-153-224-225-226-182,9
45-47-49-51-156-155-154-153-224-225-226-182,7
45-47-49-51-156-155-235-236-174-173-226-182,1
45-47-131-130-129-128-27-28-224-225-226-182,1
45-47-131-130-129-33-35-229-231-173-226-182,1
45-47-131-130-39-40-235-236-174-173-226-182,1
57-157-245-166-256-257-187-266,20
57-157-245-247-249-186-187-266,2
57-255-256-257-187-266,2
57-255-167-262-264-266,1
287-277-189-265-178-177-248-246-52-50-48-46-89-6,25
287-277-273-271-137-69-116-59-120-14-91-89-6,1
287-277-273-271-137-135-61-59-120-14-91-89-6,1
287-277-273-271-137-135-61-114-54-14-91-89-6,1
287-277-273-271-137-135-133-132-48-46-89-6,1
154-36-145-146-147-50-48-112-113-59-121-123,3
154-36-34-32-109-110-111-112-113-115-67-123,3
154-36-34-32-109-110-111-112-113-59-121-123,5
154-36-145-146-147-148-149-63-61-59-121-123,1
154-36-145-146-147-148-149-63-61-115-67-123,1
161-162-163-164-165-246-52-50-48-112-113-59-16-12,12
161-162-163-164-165-246-52-148-149-63-61-59-16-12,15
161-162-230-36-145-146-147-50-48-112-113-59-16-12,1
161-162-230-36-145-146-147-148-149-63-61-59-16-12,1
177-248-246-156-155-154-153-224-225-172-171-170,30
177-176-175-237-238-193-192-191-219-217-170,1
177-176-175-174-173-172-171-170,1
165-246-52-148-149-63-61-115-68-135,6
165-246-156-44-147-148-149-63-61-115-68-135,2
165-246-52-148-149-63-61-59-121-66-68-135,3
165-166-167-168-271-137-135,1
115-68-135-62-64-158-157-156-155-154-153-224-225-172-171-216-180,16
115-68-135-62-64-158-255-256-177-176-175-174-173-172-171-216-180,5
115-68-135-62-64-158-157-245-247-176-175-174-173-172-171-216-180,1
115-68-135-62-64-158-157-156-155-235-236-174-173-172-171-216-180,7
115-68-135-62-64-158-157-156-155-154-153-152-151-212-214-216-180,2
9-91-45-47-49-148-57-157-245-247-249-186,3
9-13-53-55-56-57-157-245-247-249-252-186,5
9-13-53-55-56-57-255-256-177-249-252-186,4
9-13-53-55-56-57-157-245-247-249-186,2
9-91-45-47-49-148-57-255-256-177-249-186,6
113-115-68-136-138,2
113-59-121-66-117-74-138,3
113-115-67-123-72-74-138,7
113-59-121-123-72-74-138,2
113-59-121-66-68-136-138,2
7-45-47-49-51-246-52-50,2
7-45-47-49-148-57-157-52-50,2
7-45-47-131-130-39-146-147-50,1
7-45-47-49-51-156-44-147-50,3
235-164-165-246-52-50-131-42-41-87,5
235-164-165-246-52-50-48-46-89-87,13
235-164-165-246-156-44-43-42-41-87,14
235-164-240-44-147-50-131-42-41-87,1
235-164-240-44-43-42-41-87,1
236-174-233-183-238-239-202-204-206-208,27
236-237-238-239-202-204-206-208,1
282-254-252-186-187-265-263-261-65-63-61-59-16-12,2
282-254-252-250-248-246-52-50-48-112-113-59-16-12,3
282-206-208-269-267-265-263-261-65-63-61-59-16-12,5
282-254-252-250-248-246-52-148-149-63-61-59-16-12,5
282-254-252-250-248-246-52-50-48-46-90-92-12,1
282-205-244-243-242-241-240-155-154-153-152-24,4
282-254-195-243-242-241-240-155-154-153-152-24,9
37-38-39-40-154-153-224-225-226-227-192-191,17
37-38-129-33-35-153-224-225-226-227-192-191,15
37-38-129-128-27-28-224-225-226-227-192-191,1
37-38-129-33-35-229-231-173-226-227-192-191,1
37-38-39-40-235-236-174-173-226-227-192-191,8
37-38-39-40-235-236-237-238-193-192-191,1
176-241-165-247-249-252-186-187-266-197,2
176-241-165-166-167-262-264-266-197,16
176-241-165-247-249-186-187-266-197,1
273-169-262-178-177-176-241-240-155-235,3
273-271-137-135-133-56-57-157-156-155-235,16
273-271-137-135-133-132-49-51-156-155-235,1
274-189-265-178-257-258-196-195-243-185-251,18
274-189-265-178-177-176-175-237-184-185-251,15
274-189-266-268-209-207-205-244-243-185-251,1
274-189-266-197-196-195-243-185-251,1
274-276-211-209-207-205-244-243-185-251,1
287-277-273-271-75-118-67-18-95-15,3
287-277-273-271-75-73-124-18-95-15,4
287-277-273-271-137-135-61-115-67-18-95-15,6
287-277-273-271-137-135-61-59-121-18-95-15,10
287-277-273-271-137-69-67-18-95-15,1
151-105-142-143-144-145-40-235-164-165-166-167-168-290,8
151-212-160-161-162-163-164-165-166-167-168-290,7
151-105-142-143-28-224-162-163-164-165-166-167-168-290,11
151-105-142-143-144-35-229-163-164-165-166-167-168-290,4
151-105-142-143-144-145-146-147-148-149-64-260-168-290,1
159-160-161-162-163-164-165-166-256-257-187-188-273-290,10
159-160-161-162-163-164-165-166-167-168-290,5
159-160-161-162-163-164-165-166-167-262-264-188-273-290,8
159-160-161-162-163-236-237-184-185-186-187-188-273-290,1
159-160-161-225-226-182-183-184-185-186-187-188-273-290,1
241-165-246-156-155-154-153-224-225-172-171-215,29
241-165-166-256-177-176-175-174-173-172-171-215,1
241-240-155-235-236-174-173-172-171-215,1
241-240-155-154-229-231-173-172-171-215,1
175-237-184-242-241-165-246-52-148-149-63-133-132,26
175-174-232-163-164-165-246-52-148-149-63-133-132,1
175-237-184-242-241-240-44-147-148-149-63-133-132,1
175-174-232-230-36-34-32-109-110-111-112-55-132,1
219-180-221-220-161-162-163-164-165-166-256-257-187-188-276,4
219-180-181-227-228-200-202-244-243-185-186-187-188-276,4
219-217-215-160-161-162-163-164-165-166-256-257-187-188-276,2
219-180-181-182-183-184-185-186-187-188-276,1
274-189-265-263-261-158-157-52-148-149,8
274-189-265-263-261-65-63-133-56-149,10
274-273-169-261-158-157-52-148-149,1
216-180-221-171-215-213-105-103-101-79-100-102-104,4
216-180-221-220-161-162-230-36-34-128-127-126-102-104,5
216-180-221-171-215-213-105-142-23-126-102-104,1
216-180-221-220-291-151-105-142-23-126-102-104,1
216-180-221-220-291-24-23-126-102-104,1
39-146-147-148-149-63-61-59-16-94-17-122,3
39-146-147-148-149-63-61-115-117-73-124-122,11
39-146-43-42-111-112-113-115-67-122,1
39-146-147-148-149-63-134-69-67-122,1
118-68-135-62-64-158-157-156-155-154,3
118-68-135-133-132-49-51-156-155-154,4
118-68-135-133-56-57-157-156-155-154,11
118-116-60-133-56-57-157-156-155-154,5
118-116-60-62-64-158-157-156-155-154,2
118-68-135-133-132-131-130-39-40-154,1
177-176-241-165-166-167-168-290,19
177-248-166-167-168-290,1
177-249-186-187-265-263-168-290,1
240-155-235-164-165-166-256-257-187,29
240-44-147-148-57-157-245-166-256-257-187,1
240-155-235-164-165-247-249-252-186-187,1
240-44-147-148-57-255-256-257-187,1
76-106-107-108-109-110-111-112-113-115-68-136-270-290,3
76-106-107-108-109-38-39-146-147-148-149-64-260-168-290,2
76-106-107-108-31-33-145-146-147-148-149-64-260-168-290,1
76-106-107-108-109-110-111-47-49-148-149-64-260-168-290,1
76-106-107-108-109-110-111-112-113-115-117-74-270-290,1
140-104-212-160-161-225-226-227-192-191-288,10
140-142-143-28-224-225-226-227-192-191-288,11
140-142-143-28-224-225-172-171-216-218-288,1
140-104-212-214-216-180-181-227-192-191-288,1
140-142-143-28-152-151-212-214-216-218-288,3
171-216-180-181-182-183-184-242-241-165-166-167-168-290,22
171-216-180-221-220-161-162-163-164-165-166-167-168-290,2
171-215-160-161-162-163-164-165-166-167-168-290,1
171-216-180-181-182-183-184-185-186-187-188-273-290,1
171-216-180-181-182-183-184-185-250-248-166-167-168-290,1
227-192-222-181-182-183-238-239-202-244-194-193-228-200,20
227-192-222-181-182-183-238-193-228-200,1
227-192-222-181-182-183-184-242-175-237-238-193-228-200,1
227-192-222-221-171-216-180-181-182-183-238-193-228-200,1
52-148-57-255-256-177-248-246-156,14
52-148-149-63-133-56-57-157-156,6
52-50-131-130-39-146-147-51-156,3
52-50-131-42-111-47-49-51-156,1
52-148-57-157-156,1
175-174-233-183-184-242-241-165-166-167,6
175-237-184-242-241-165-166-167,7
175-237-184-185-250-176-241-165-166-167,8
175-174-232-163-164-165-166-167,1
175-174-233-183-184-185-250-248-166-167,1
143-144-35-229-163-164-240-155-154,10
143-28-224-162-163-164-240-155-154,4
143-144-145-146-147-51-156-155-154,1
143-144-145-40-235-164-240-155-154,1
143-144-145-40-154,1
139-75-118-68-136-138,2
139-137-135-61-115-68-136-138,4
139-137-69-117-74-138,1
139-75-73-124-66-117-74-138,6
139-137-135-61-115-117-74-138,1
289-219-180-181-182-183-184-242-241-165-166-167-262-178,21
289-219-217-215-160-161-162-163-164-165-166-167-262-178,1
289-219-180-181-182-183-184-185-250-248-166-167-262-178,1
289-219-180-181-182-234-232-163-164-165-166-167-262-178,1
289-219-180-181-182-183-184-185-186-187-265-178,1
175-237-184-242-241-165-246-156-155-235,20
175-237-184-242-241-240-155-235,1
175-174-232-163-164-240-155-235,1
175-174-232-230-36-145-40-235,1
175-237-184-185-250-248-246-156-155-235,1
223-222-181-182-183-184-242-241-165-166-167-168-271-138,30
223-191-219-180-181-182-183-184-185-186-187-188-273-271-138,1
223-222-221-220-161-162-163-164-165-166-167-168-271-138,3
223-222-181-182-183-184-185-186-187-265-263-168-271-138,1
223-222-181-182-183-184-185-250-248-166-167-168-271-138,1
164-165-246-156-155-154-153-224-225,28
164-240-155-154-153-152-151-212-160-161-225,1
209-207-205-244-243-242-241-165-247-176-175,23
209-207-205-244-243-242-175,1
209-207-254-195-243-242-175,1
207-205-244-243-242-241-240-155-154-153-152-151-105-141,13
207-205-244-243-242-175-174-232-230-153-152-151-105-141,1
207-205-244-243-242-175-174-173-172-171-215-213-105-141,1
207-205-244-194-193-192-191-219-217-215-213-105-141,1
207-254-195-194-193-192-191-219-217-215-213-105-141,1
75-118-68-135-61-115-117-73,3
75-118-68-135-61-59-121-66-117-73,14
75-118-116-59-121-66-117-73,1
75-118-116-60-134-69-117-73,2
136-75-118-68-135-62-64-158-157-156-155-154-153-224-225-172-171-170,26
136-75-118-68-135-62-64-158-157-156-155-235-236-174-173-172-171-170,3
136-75-118-68-135-62-64-260-262-178-177-176-175-174-173-172-171-170,1
139-137-135-62-64-158-157-156-155-154-153-224-225-172-171-215,20
139-137-135-133-56-57-157-245-247-176-175-174-173-172-171-215,4
139-137-135-62-64-158-157-156-155-235-236-174-173-172-171-215,5
139-137-135-62-64-260-262-178-177-176-175-174-173-172-171-215,1
139-137-135-62-64-158-157-245-247-176-175-174-173-172-171-215,1
174-232-163-164-240-155-154-36-34-32,8
174-173-172-220-161-162-230-36-34-32,3
174-232-230-153-152-24-143-144-34-32,1
174-232-230-36-145-146-43-130-129-32,1
174-232-230-36-34-32,1
76-106-107-108-30-84-37-110-111-112-113-115-68-136-75,2
76-106-107-108-30-84-86-88-45-112-113-115-68-136-75,10
76-79-106-107-108-109-110-111-112-113-115-68-136-75,1
76-106-107-108-109-110-41-88-45-112-113-115-68-136-75,1
76-106-107-108-109-110-111-112-113-115-68-136-75,1
155-154-153-152-24-143-28-224-162-163,14
155-154-153-152-24-143-144-35-229-163,1
155-154-153-152-151-212-160-161-162-163,2
155-154-229-163,1
159-160-161-162-163-164-165-166-256-257-187-266,22
159-160-161-162-163-164-165-166-167-262-264-266,5
159-160-161-162-163-164-165-247-249-186-187-266,1
159-160-161-225-226-182-183-184-185-186-187-266,1
176-241-165-246-52-50-131-130-129-128-127-22-21-80,21
176-175-174-232-230-153-152-24-23-22-21-80,1
176-241-240-155-154-36-34-128-127-22-21-80,1
176-241-240-44-43-130-129-128-127-22-21-80,1
7-90-13-53-113-115-68-136-270-290,18
7-90-13-119-58-115-68-136-270-290,5
7-90-13-119-58-115-117-74-270-290,1
7-45-112-113-115-117-74-270-290,1
175-174-232-163-164-240-155-154-153-152-151-105,17
175-174-173-172-220-161-162-230-153-152-151-105,9
175-174-173-172-171-215-213-105,1
175-174-232-230-153-152-151-105,1
175-174-173-172-220-291-151-105,1
98-70-124-66-68-135-62-64-260-262-264-266-268-209,2
98-70-72-118-68-135-62-64-260-262-264-266-268-209,18
98-70-72-118-116-60-62-64-260-262-264-266-268-209,1
98-70-72-74-270-272-276-211-209,1
