17748:0,0,1,2,4,1,5,9,10,10,8,3,4,4,7,9,7,8,7,10,3,5,10,4,7,4,11,7,4,8,6,5,6,5,5,6,9,2,6,5,8,5,5,4,7,6,7,5,12,3,9,5,9,6,6,9,5,3,5,9,6,4,1,1,1,0,1,1,1,1,1,0,0,1,0,0,0,0,1,1,1,3,1,1,0,0,0,0,0,0,0,0,1,0,0,0,0,0,0,1,0,0,0,0,0,0,0,0,0,0,0,0,0
917515:0,0,3,0,2,2,6,3,6,3,5,3,3,5,2,4,3,9,6,2,5,2,3,3,4,4,4,2,1,6,3,7,4,5,4,6,2,0,3,3,1,3,5,2,2,1,0,2,5,2,12,4,3,2,2,7,2,5,2,7,6,7,0,4,1,2,1,0,0,1,0,0,0,0,0,0,1,0,0,0,0,0,0,0,0,0,2,0,1,0,0,0,0,0,1,0,2,1,0,1,0,0,0,0,0,1,0,0,0,0,1,0,0
17421:0,0,0,4,0,3,3,0,1,2,1,0,1,3,3,0,4,1,5,0,1,1,4,2,4,2,4,1,1,2,5,1,3,2,4,1,1,1,4,7,0,1,1,1,3,2,3,1,1,2,6,1,3,2,3,0,1,0,3,2,1,3,0,0,0,0,0,0,0,0,0,0,0,0,0,0,0,0,0,0,0,0,0,0,0,0,0,0,0,0,0,0,0,0,0,0,0,0,0,0,0,0,0,0,0,0,0,0,0,0,0,0,0
917099:0,0,0,2,7,8,6,7,9,11,8,7,10,9,10,8,6,9,11,9,2,5,7,5,9,7,4,6,8,8,10,6,5,6,7,12,12,9,10,4,8,7,6,5,5,4,7,13,10,7,5,5,5,8,12,3,11,11,7,9,10,11,8,9,2,1,0,1,0,1,1,0,0,1,0,0,0,1,0,0,0,0,0,0,0,0,0,0,0,0,0,0,0,0,0,0,0,0,0,0,0,0,0,0,0,0,0,0,0,0,0,0,0
917520:0,0,3,4,4,8,7,2,4,6,10,3,4,4,11,6,6,5,7,8,5,6,8,3,4,6,5,7,4,5,6,5,3,4,5,5,8,5,6,11,6,7,7,5,4,3,5,5,5,8,7,5,9,4,3,5,5,7,3,4,5,7,6,1,0,0,0,0,1,0,0,0,0,0,0,0,0,0,0,0,0,0,0,0,0,0,0,0,0,0,0,0,0,0,0,0,0,0,0,0,0,0,0,0,0,0,0,0,0,0,0,0,0
17752:0,0,0,1,5,1,6,7,5,3,4,0,7,3,3,5,4,4,4,5,3,6,7,4,5,2,5,3,4,3,4,4,4,5,3,2,6,3,1,7,1,6,4,2,7,2,4,2,4,3,3,6,5,5,2,2,3,10,4,0,1,1,6,4,1,1,1,0,0,2,0,0,0,0,1,0,1,0,2,0,1,0,0,1,0,0,0,0,0,0,0,0,0,0,1,0,0,0,0,0,0,0,1,0,0,1,0,0,0,0,0,0,0
917522:0,0,3,10,15,18,18,14,15,13,20,15,17,15,19,16,20,15,14,15,21,13,17,16,16,13,15,15,17,12,18,17,18,20,14,14,20,14,14,13,16,18,17,20,15,16,14,15,13,14,17,23,21,19,19,19,14,14,18,12,14,16,18,15,14,13,10,11,10,9,12,13,11,13,15,12,9,11,10,8,12,9,11,12,12,11,10,10,8,9,13,12,11,11,12,10,10,10,9,12,13,13,11,12,11,9,10,8,10,11,8,0,0
917523:0,0,1,5,4,5,6,7,4,5,3,6,4,2,7,6,10,6,2,9,8,1,8,3,2,7,3,6,4,3,10,8,6,6,4,4,8,4,6,8,9,6,8,6,4,7,2,6,6,5,12,10,9,5,8,4,3,9,6,2,7,6,6,1,2,1,1,0,0,1,1,1,0,1,1,0,0,1,0,0,1,0,0,0,0,0,0,0,0,0,0,0,0,0,0,0,0,0,0,0,0,0,0,0,0,0,0,0,0,0,0,0,0
917012:0,0,0,0,0,0,0,0,0,0,0,0,0,0,0,0,0,0,0,0,0,0,0,0,0,0,0,0,0,0,0,0,0,0,0,0,0,0,0,0,0,0,0,0,0,0,0,0,0,0,0,0,0,0,0,0,0,0,0,0,0,0,0,0,0,0,0,0,0,0,0,0,0,0,0,0,0,0,0,0,0,0,0,0,0,0,0,0,0,0,0,0,0,0,0,0,0,0,0,0,0,0,0,0,0,0,0,0,0,0,0,0,0
917525:0,0,6,10,14,19,14,17,11,16,15,18,15,19,16,7,11,15,17,16,19,15,24,15,18,11,21,14,16,20,11,18,15,18,18,12,8,15,11,14,12,15,19,12,13,16,12,16,14,12,23,18,22,23,25,16,28,18,20,23,13,21,16,9,5,3,7,5,3,4,5,4,3,4,5,3,4,3,9,5,3,3,2,1,0,3,4,7,4,4,3,7,5,1,2,3,4,3,7,3,6,5,3,3,2,5,6,1,5,5,5,0,0
917526:0,0,3,9,11,12,13,7,11,15,15,12,12,9,15,12,10,8,11,10,11,14,12,10,12,5,7,5,13,9,16,10,18,9,8,10,8,15,12,15,11,13,15,17,12,5,12,13,13,8,11,15,15,10,6,11,18,13,19,8,10,11,11,6,4,7,7,7,11,10,8,10,8,2,5,11,9,9,4,7,9,5,9,5,6,9,9,6,8,3,10,2,5,5,6,10,9,9,6,9,7,7,4,1,10,5,6,10,8,6,3,0,0
917527:0,0,3,4,4,6,10,5,9,9,9,8,5,5,8,9,6,8,8,6,3,10,9,7,14,2,3,6,8,5,7,6,16,9,7,8,7,9,6,6,5,9,10,9,7,6,9,9,7,9,3,11,5,10,6,10,11,10,10,4,9,10,9,4,4,6,4,3,6,6,3,2,4,1,2,8,5,4,4,3,7,3,3,3,1,4,4,2,3,2,7,0,3,2,2,4,7,5,3,3,2,5,3,0,4,4,6,8,5,5,2,0,0
917016:0,0,0,0,0,0,0,0,0,0,0,0,0,0,0,0,0,0,0,0,0,0,0,0,0,0,0,0,0,0,0,0,0,0,0,0,0,0,0,0,0,0,0,0,0,0,0,0,0,0,0,0,0,0,0,0,0,0,0,0,0,0,0,0,0,0,0,0,0,0,0,0,0,0,0,0,0,0,0,0,0,0,0,0,0,0,0,0,0,0,0,0,0,0,0,0,0,0,0,0,0,0,0,0,0,0,0,0,0,0,0,0,0
917529:0,0,7,5,2,7,14,16,9,12,14,10,7,6,10,5,9,13,10,11,5,11,9,15,8,10,10,11,9,6,8,3,13,13,12,8,12,10,10,12,10,7,8,10,17,9,9,11,6,11,9,6,17,8,5,8,12,7,13,6,12,14,6,5,3,1,2,0,1,1,4,0,2,0,0,2,1,1,0,1,1,0,0,1,0,0,0,0,0,0,2,1,0,2,1,3,2,2,0,2,0,1,0,0,1,1,2,1,1,0,1,0,0
917530:0,0,0,2,5,5,2,5,7,7,4,6,4,7,3,8,4,5,9,6,3,4,6,5,10,2,3,4,6,3,5,5,5,9,5,3,5,6,6,3,2,6,7,8,3,3,8,5,6,5,8,6,1,8,4,6,6,4,6,6,5,5,3,4,2,6,2,3,2,5,2,2,2,0,1,4,4,3,3,2,3,2,4,3,2,4,4,1,2,2,4,0,2,1,1,1,5,3,3,1,2,4,3,0,3,3,3,3,4,5,3,0,0
917531:0,0,0,1,4,4,1,3,5,6,5,3,6,5,3,4,5,9,9,4,5,4,5,3,8,2,4,3,6,4,5,7,5,10,5,3,3,4,7,2,3,4,9,4,2,6,5,3,7,3,8,7,2,7,5,4,9,4,4,3,5,5,2,4,1,4,2,1,2,4,2,2,1,0,0,3,3,4,3,1,2,2,4,2,2,3,2,1,2,2,4,0,1,1,1,0,3,2,2,1,2,4,2,0,2,3,2,4,3,4,3,0,0
917020:0,0,0,0,0,0,0,0,0,0,0,0,0,0,0,0,0,0,0,0,0,0,0,0,0,0,0,0,0,0,0,0,0,0,0,0,0,0,0,0,0,0,0,0,0,0,0,0,0,0,0,0,0,0,0,0,0,0,0,0,0,0,0,0,0,0,0,0,0,0,0,0,0,0,0,0,0,0,0,0,0,0,0,0,0,0,0,0,0,0,0,0,0,0,0,0,0,0,0,0,0,0,0,0,0,0,0,0,0,0,0,0,0
917021:0,0,1,2,5,0,1,3,6,1,6,1,5,3,3,0,5,2,4,1,2,5,2,6,5,3,4,4,1,6,8,4,3,4,2,3,3,6,6,4,2,4,4,3,4,3,4,4,7,3,3,6,4,3,2,5,3,3,3,5,2,5,2,1,3,1,0,0,0,0,0,0,1,0,0,0,0,0,0,0,0,0,0,0,0,0,0,0,0,0,0,0,0,0,0,0,0,0,0,0,0,0,0,0,0,0,0,0,0,0,0,0,0
917022:0,0,2,4,5,4,0,4,5,3,5,2,7,11,4,2,4,6,8,7,4,5,4,5,4,8,8,6,5,4,6,11,6,5,4,6,4,4,6,7,4,6,6,4,8,7,5,10,10,3,2,6,7,5,6,7,4,7,3,3,2,5,4,3,6,1,1,0,0,0,0,0,0,0,0,0,0,0,0,0,0,0,0,0,0,0,0,0,0,0,0,0,0,0,0,0,0,0,0,0,0,0,0,0,0,0,0,0,0,0,0,0,0
17439:0,0,6,5,6,11,10,13,7,12,5,15,4,11,9,6,5,11,2,6,4,17,10,8,8,7,9,16,8,7,11,9,6,8,6,15,6,12,7,7,7,4,4,13,5,12,12,5,7,15,6,8,6,10,10,10,5,12,9,16,7,6,6,3,2,2,2,1,1,0,1,3,1,1,1,0,2,0,2,3,0,1,2,1,0,0,1,2,1,2,1,1,0,0,0,1,2,2,0,3,0,5,1,2,0,1,0,3,2,1,0,0,0
917024:0,0,0,0,0,0,0,0,0,0,0,0,0,0,0,0,0,0,0,0,0,0,0,0,0,0,0,0,0,0,0,0,0,0,0,0,0,0,0,0,0,0,0,0,0,0,0,0,0,0,0,0,0,0,0,0,0,0,0,0,0,0,0,0,0,0,0,0,0,0,0,0,0,0,0,0,0,0,0,0,0,0,0,0,0,0,0,0,0,0,0,0,0,0,0,0,0,0,0,0,0,0,0,0,0,0,0,0,0,0,0,0,0
917025:0,0,0,1,2,2,0,0,1,0,2,1,0,2,0,0,0,0,2,1,2,0,2,0,2,0,2,0,0,1,0,5,1,3,0,2,0,1,0,2,0,0,0,0,1,3,0,2,1,2,0,1,1,4,1,2,1,2,3,3,1,2,1,0,2,1,0,0,0,0,0,0,0,0,0,0,0,0,0,0,0,0,0,0,0,0,0,0,0,0,0,0,0,0,0,0,0,0,0,0,0,0,0,0,0,0,0,0,0,0,0,0,0
17443:0,0,6,3,4,3,5,3,6,7,4,9,1,4,1,6,5,7,5,9,5,5,4,2,6,5,5,10,10,1,5,3,1,6,6,3,2,6,4,3,4,7,4,7,5,6,2,4,8,4,6,5,11,8,6,4,4,3,9,4,1,7,6,0,1,0,0,0,1,0,0,0,0,0,0,1,0,0,0,0,0,0,0,0,0,0,0,0,0,0,0,1,0,0,0,0,0,0,0,0,1,0,0,0,0,0,0,1,0,0,0,0,0
917541:0,0,2,5,3,3,2,5,3,5,5,6,3,1,2,4,3,5,3,3,2,5,1,3,1,4,5,3,1,3,5,4,6,2,0,5,5,9,4,5,5,2,5,2,1,1,4,5,6,5,1,2,5,2,2,4,6,4,4,6,5,4,0,0,0,0,0,0,0,0,0,0,0,0,0,0,0,0,0,0,0,0,0,0,0,0,0,0,0,0,0,0,0,0,0,0,0,0,0,0,0,0,0,0,0,0,0,0,0,0,0,0,0
16935:0,0,3,1,2,3,1,1,1,2,2,3,3,0,1,2,1,2,0,0,1,2,1,0,0,0,3,1,0,1,0,3,0,2,0,1,4,0,2,2,1,1,1,2,4,1,1,2,1,0,0,1,0,1,1,0,0,0,0,2,0,2,0,0,0,0,0,0,0,0,0,0,0,0,0,0,0,0,0,0,0,0,0,0,0,0,0,0,0,0,0,0,0,0,0,0,0,0,0,0,0,0,0,0,0,0,0,0,0,0,0,0,0
917544:0,0,0,2,7,3,5,6,3,8,9,7,8,5,4,6,3,7,8,3,2,3,6,7,4,3,6,7,4,3,3,4,3,4,2,5,8,8,6,9,1,5,3,4,4,5,2,5,7,4,4,8,2,2,5,6,7,4,7,5,9,7,3,1,0,0,0,1,0,0,0,0,1,0,0,0,1,0,0,0,0,0,0,0,0,0,0,0,0,0,0,0,0,0,0,0,0,0,0,0,0,0,0,0,0,0,0,0,0,0,0,0,0
917545:0,0,0,2,6,2,1,3,4,2,7,8,4,5,3,3,0,4,6,8,5,5,9,10,8,2,1,8,5,5,6,1,2,4,3,6,5,6,4,6,6,2,6,6,4,1,4,2,5,7,4,2,1,4,4,2,7,4,4,5,5,3,2,0,0,1,1,0,2,0,0,0,0,0,0,0,0,0,1,0,0,0,0,0,0,0,0,0,0,0,0,0,0,0,0,0,0,0,0,0,0,0,0,0,0,0,0,0,0,0,0,0,0
16938:0,0,1,1,1,3,1,4,3,1,6,3,0,1,3,2,0,2,3,1,2,1,0,0,3,2,3,0,0,4,0,0,1,2,1,1,2,0,4,2,0,2,0,0,1,2,3,0,1,3,1,2,2,2,2,1,0,2,4,1,1,2,0,0,0,0,0,0,0,0,0,0,0,0,0,0,0,0,0,0,0,0,0,0,0,0,0,0,0,0,0,0,0,0,0,0,0,0,0,0,0,0,0,0,0,0,0,0,0,0,0,0,0
917035:0,0,1,1,4,0,2,0,3,2,3,4,0,2,3,1,1,1,3,4,3,1,3,2,2,2,5,0,2,1,2,3,4,4,1,2,2,4,4,3,3,2,0,1,2,3,2,2,4,5,3,1,3,5,2,4,4,2,4,3,1,4,2,0,0,0,0,0,0,0,0,0,0,0,0,0,0,0,0,0,0,0,0,0,0,0,0,0,0,0,0,0,0,0,0,0,0,0,0,0,0,0,0,0,0,0,0,0,0,0,0,0,0
16931:0,0,7,8,3,5,4,11,14,9,4,10,4,4,8,5,8,7,5,6,7,10,7,8,10,9,10,8,4,9,9,13,6,7,9,5,11,8,6,9,6,11,10,7,11,9,3,7,10,10,10,12,3,4,8,8,10,14,5,9,8,8,0,0,0,0,0,0,0,0,0,0,0,0,0,0,0,0,0,0,0,0,0,0,0,0,0,0,0,0,0,0,0,0,0,0,0,0,0,0,0,0,0,0,0,0,0,0,0,0,0,0,0
917430:0,0,5,15,15,15,9,10,13,18,17,13,28,19,21,4,16,16,13,11,24,11,19,20,18,21,18,14,21,16,17,21,17,17,17,9,13,17,19,16,13,13,22,16,17,16,14,18,10,15,23,9,15,17,17,13,19,16,11,22,23,18,6,5,1,0,0,0,0,0,0,0,0,0,0,0,0,0,0,0,1,0,0,0,0,0,1,0,0,0,0,0,0,0,0,0,0,0,0,1,0,0,0,0,0,0,1,0,0,0,0,1,0
17528:0,0,4,9,9,16,19,10,6,15,15,18,11,13,14,15,11,6,13,13,9,15,13,16,9,10,10,15,10,15,15,8,11,7,10,16,7,16,16,15,10,12,16,18,16,15,12,19,16,12,14,7,17,9,7,7,16,12,15,20,11,7,4,4,3,4,4,4,6,4,3,8,4,3,2,5,6,5,0,5,3,2,4,4,7,5,5,5,5,1,6,3,0,4,5,6,3,5,5,9,4,5,4,4,6,1,1,5,3,2,2,0,0
917429:0,0,3,7,11,11,10,5,12,10,12,11,13,12,10,13,8,10,8,8,13,14,11,15,8,11,12,8,15,12,12,7,10,9,11,13,7,9,14,11,10,8,15,12,16,9,7,15,6,14,11,8,8,11,10,10,11,11,10,11,8,14,7,2,2,0,1,0,0,0,0,0,0,0,0,0,0,0,0,0,0,0,0,0,0,0,0,0,0,0,0,0,0,0,0,0,0,0,0,0,0,0,0,0,0,0,0,0,0,0,0,0,0
17102:0,0,5,4,8,8,4,8,11,7,8,6,8,8,7,2,5,3,5,7,3,7,6,8,9,5,11,10,8,5,9,9,5,9,4,13,6,7,9,10,3,6,5,6,0,9,9,6,9,3,9,6,10,8,2,9,7,6,6,7,2,5,2,0,2,0,0,0,0,0,0,0,0,0,0,0,0,0,0,0,0,0,0,0,0,0,0,0,0,0,0,0,0,0,0,0,0,0,0,0,0,0,0,0,0,0,0,0,0,0,0,0,0
17523:0,0,2,5,7,11,9,8,3,7,6,11,4,10,4,10,8,7,5,11,7,8,12,5,12,8,7,9,9,8,8,11,9,15,13,5,5,5,8,6,9,9,10,10,12,9,9,14,6,9,10,9,9,10,11,10,4,7,9,14,11,11,10,12,4,2,1,0,3,0,0,0,0,0,0,0,0,1,0,0,0,0,0,0,1,0,0,0,0,0,0,0,0,0,0,0,0,0,0,0,0,0,0,0,0,0,0,0,0,0,0,0,0
17989:0,0,0,0,0,0,0,0,0,0,0,0,0,0,0,0,0,0,0,0,0,0,0,0,0,0,0,0,0,0,0,0,0,0,0,0,0,0,0,0,0,0,0,0,0,0,0,0,0,0,0,0,0,0,0,0,0,0,0,0,0,0,0,0,0,0,0,0,0,0,0,0,0,0,0,0,0,0,0,0,0,0,0,0,0,0,0,0,0,0,0,0,0,0,0,0,0,0,0,0,0,0,0,0,0,0,0,0,0,0,0,0,0
917069:0,0,4,1,1,1,1,2,2,4,3,2,1,2,0,0,0,0,1,2,0,1,5,2,3,1,1,2,2,2,3,1,2,1,1,1,1,0,2,0,0,2,0,1,1,2,2,3,1,3,2,2,1,2,1,0,1,1,3,2,0,0,0,0,0,0,0,0,0,0,0,0,0,0,0,0,0,0,0,0,0,0,0,0,0,0,0,0,0,0,0,0,0,0,0,0,0,0,0,0,0,0,0,0,0,0,0,0,0,0,0,0,0
917432:0,0,6,14,8,21,12,20,30,16,16,15,17,14,13,16,28,24,17,16,18,20,14,27,15,21,19,23,17,16,18,20,26,19,19,20,16,14,19,20,23,21,12,19,13,19,21,26,21,25,17,14,9,23,26,20,24,26,19,15,20,22,15,19,13,6,1,0,5,4,2,4,1,4,0,4,4,2,0,0,0,0,0,0,0,0,0,0,0,0,0,0,0,0,0,0,0,0,0,0,0,0,0,0,0,0,0,0,0,0,0,0,0
17622:0,0,1,5,6,6,11,8,7,12,4,12,8,8,8,7,10,12,6,8,7,10,11,13,7,6,6,8,6,11,10,7,10,13,6,11,7,5,8,9,4,4,8,8,4,6,8,8,11,8,7,9,8,4,5,14,7,9,6,4,5,5,6,5,2,0,1,1,2,1,1,0,1,0,1,0,2,2,1,1,1,1,1,0,0,0,0,0,0,0,0,1,0,0,0,0,0,0,0,0,0,1,0,0,0,0,0,0,0,0,0,0,0
917778:0,0,1,1,4,2,2,0,4,4,3,2,2,2,3,5,2,0,2,2,2,1,1,2,0,1,2,2,2,1,1,1,1,4,1,6,3,2,1,3,1,1,2,3,3,2,1,3,1,2,5,1,2,1,3,3,0,2,3,2,3,2,0,0,0,0,0,0,0,0,0,0,0,0,0,0,0,0,0,0,0,0,0,0,0,0,0,0,0,0,0,0,0,0,0,0,0,0,0,0,0,0,0,0,0,0,0,0,0,0,0,0,0
916927:0,0,0,0,0,0,0,0,0,0,0,0,0,0,0,0,0,0,0,0,0,0,0,0,0,0,0,0,0,0,0,0,0,0,0,0,0,0,0,0,0,0,0,0,0,0,0,0,0,0,0,0,0,0,0,0,0,0,0,0,0,0,0,0,0,0,0,0,0,0,0,0,0,0,0,0,0,0,0,0,0,0,0,0,0,0,0,0,0,0,0,0,0,0,0,0,0,0,0,0,0,0,0,0,0,0,0,0,0,0,0,0,0
917592:0,0,1,0,1,4,3,5,4,4,1,7,3,1,2,4,4,5,5,3,2,0,3,2,2,3,1,3,1,3,5,1,3,2,3,3,4,2,2,2,3,6,2,5,2,0,0,2,1,1,3,2,2,1,4,2,1,3,3,4,4,2,1,2,0,1,0,0,0,0,0,0,0,0,0,0,0,0,0,0,0,0,0,0,0,0,0,0,0,0,0,0,0,0,0,0,0,0,0,0,0,0,0,0,0,0,0,0,0,0,0,0,0
917519:0,0,4,4,5,9,4,4,3,13,10,6,4,8,8,5,5,6,10,4,7,9,3,5,7,6,7,6,2,7,5,5,3,5,5,5,8,6,6,9,7,6,3,8,2,2,4,9,5,7,4,6,7,4,4,8,6,7,1,7,5,11,3,0,0,1,0,0,1,0,0,0,0,0,0,0,0,0,0,0,0,0,0,0,0,0,0,0,0,0,0,0,0,0,0,0,0,0,0,0,0,0,0,0,0,0,0,0,0,0,0,0,0
917085:0,0,0,0,0,0,0,0,0,0,0,0,0,0,0,0,0,0,0,0,0,0,0,0,0,0,0,0,0,0,0,0,0,0,0,0,0,0,0,0,0,0,0,0,0,0,0,0,0,0,0,0,0,0,0,0,0,0,0,0,0,0,0,0,0,0,0,0,0,0,0,0,0,0,0,0,0,0,0,0,0,0,0,0,0,0,0,0,0,0,0,0,0,0,0,0,0,0,0,0,0,0,0,0,0,0,0,0,0,0,0,0,0
917086:0,0,0,0,3,6,0,2,4,6,4,5,1,1,3,6,1,2,6,4,1,3,4,0,2,1,5,4,1,4,0,1,2,4,1,2,4,2,4,4,1,2,0,1,2,3,1,1,1,3,4,2,6,2,2,4,5,2,4,2,1,5,1,2,1,0,0,0,0,0,0,0,0,0,0,0,0,0,0,0,0,0,0,0,0,0,0,0,0,0,0,0,0,0,0,0,0,0,0,0,0,0,0,0,0,0,0,0,0,0,0,0,0
917601:0,0,2,3,2,4,7,8,7,5,9,8,6,4,4,5,7,6,7,6,3,4,6,6,4,11,5,8,1,4,8,4,4,10,6,7,7,3,6,3,5,6,6,7,6,4,7,5,5,11,3,5,7,6,7,8,4,4,5,4,9,10,3,4,0,0,0,0,0,0,0,0,0,0,0,0,0,0,0,0,0,0,0,0,0,0,0,0,0,0,0,0,0,0,0,0,0,0,0,0,0,0,0,0,0,0,0,0,0,0,0,0,0
17655:0,1,1,6,4,6,5,9,6,9,5,6,3,7,2,7,9,5,6,9,3,5,11,6,6,7,4,5,7,4,11,3,8,4,7,5,9,9,9,6,11,9,6,2,3,5,8,6,7,3,3,3,8,7,11,7,4,5,8,8,5,9,1,2,3,0,0,0,0,1,0,0,0,0,0,0,0,0,0,0,0,0,0,0,0,0,0,0,0,0,0,0,0,0,0,0,0,0,0,0,0,0,0,0,0,0,0,0,0,0,0,0,0
917604:0,0,0,0,2,0,1,1,0,2,1,2,2,1,2,1,0,2,0,1,1,1,3,1,0,0,0,1,0,0,0,0,0,2,3,1,1,1,0,2,0,0,3,0,0,0,0,0,0,1,1,0,2,1,0,2,1,1,0,1,1,2,0,0,0,0,0,0,0,0,0,0,0,0,0,0,0,0,0,0,0,0,0,0,0,0,0,0,0,0,0,0,0,0,0,0,0,0,0,0,0,0,0,0,0,0,0,0,0,0,0,0,0
917605:0,0,0,1,1,2,2,1,1,3,2,2,3,2,4,2,3,0,3,3,2,0,4,1,1,0,1,1,0,0,2,4,5,2,3,3,1,1,2,2,2,1,4,1,0,0,1,0,5,1,2,0,4,2,0,3,1,1,2,2,4,2,0,1,0,1,0,0,0,1,2,0,0,0,0,0,0,0,1,0,0,0,0,0,1,0,0,0,0,0,0,0,0,0,0,0,1,0,0,0,0,0,0,0,0,0,0,0,0,0,0,0,0
917606:0,0,0,1,3,2,2,3,2,3,3,6,2,2,2,2,4,5,3,1,3,1,3,0,2,2,1,4,3,2,3,3,2,2,3,1,1,1,2,4,1,4,5,2,0,1,0,1,0,3,2,1,3,2,3,1,2,2,4,4,1,1,3,2,0,1,0,0,0,0,0,0,0,0,0,0,0,0,0,0,0,0,0,0,0,0,0,0,0,0,0,0,0,0,0,0,0,0,0,0,0,0,0,0,0,0,0,0,0,0,0,0,0
917607:0,0,0,1,3,1,5,0,1,5,4,6,1,0,0,5,5,4,2,1,3,0,0,1,3,3,3,6,3,1,3,3,4,1,0,1,0,1,2,3,4,4,3,2,0,1,0,1,2,1,2,2,2,2,2,1,1,2,3,3,0,3,3,0,1,0,0,0,0,0,1,0,0,0,0,0,0,0,0,0,0,0,0,0,0,0,0,0,0,0,0,0,0,0,0,0,0,0,0,0,0,0,0,0,0,0,0,0,0,0,0,0,0
917097:0,0,7,2,5,3,0,5,2,2,3,1,2,3,4,3,3,2,1,2,0,5,0,5,1,1,3,2,1,4,3,3,3,4,1,5,2,4,4,2,3,4,4,3,1,3,4,3,1,1,3,3,5,2,2,2,2,4,1,1,2,3,0,0,0,0,0,0,0,0,0,0,0,0,0,0,0,0,0,0,0,0,0,0,0,0,0,0,0,0,0,0,0,0,0,0,0,0,0,0,0,0,0,0,0,0,0,0,0,0,0,0,0
17515:0,0,1,2,3,1,5,3,0,2,1,2,3,3,4,4,2,5,1,5,2,0,2,2,6,2,7,3,2,0,3,3,3,3,5,6,1,0,2,6,5,2,1,4,5,2,3,4,3,1,1,5,2,5,1,5,3,1,4,2,2,3,3,1,1,0,0,0,0,0,0,0,0,0,0,0,0,0,0,0,0,0,0,0,0,0,0,0,0,0,0,0,0,0,0,0,0,0,0,0,0,0,0,0,0,0,0,0,0,0,0,0,0
917100:0,0,7,2,6,5,2,7,6,6,2,6,8,4,6,6,4,3,4,6,6,8,1,7,2,2,6,5,3,6,9,9,7,8,5,6,2,9,8,5,3,8,6,7,1,5,11,5,5,6,3,4,9,4,3,5,8,7,5,5,6,6,2,3,1,0,0,0,0,0,0,0,0,0,0,0,0,0,0,0,0,0,0,0,0,0,0,0,0,0,0,0,0,0,0,0,0,0,0,0,0,0,0,0,0,0,0,0,0,0,0,0,0
917101:0,0,6,9,9,7,3,4,6,15,9,6,6,10,7,6,12,4,6,10,8,5,4,6,2,8,6,4,5,7,11,6,9,12,9,7,4,10,8,7,5,8,12,7,7,3,11,9,8,4,5,6,4,5,9,6,10,7,10,10,12,10,4,1,0,1,0,0,0,0,0,0,0,0,0,0,0,0,0,0,0,0,0,0,0,0,0,0,0,0,0,0,0,0,0,0,0,0,0,0,0,0,0,0,0,0,0,0,0,0,0,0,0
917103:0,0,3,5,3,10,9,12,9,18,14,12,13,13,4,7,10,11,7,10,11,14,9,16,11,15,15,12,10,11,13,18,9,10,9,12,8,7,15,17,13,5,15,8,15,5,10,9,16,13,13,13,12,7,20,15,15,16,15,10,14,16,18,10,14,9,2,0,0,1,1,1,2,0,2,0,2,2,1,0,0,0,0,0,0,0,0,1,0,0,0,0,0,1,0,0,0,0,0,0,0,0,0,0,0,1,0,0,2,0,0,0,1
917104:0,0,1,9,11,10,3,7,6,7,7,12,7,12,9,9,13,6,1,8,14,7,4,7,6,5,9,6,5,7,6,9,9,8,15,10,6,9,10,8,8,4,13,11,9,6,10,10,8,10,8,5,2,6,11,3,5,13,11,9,7,8,4,0,1,0,0,0,0,1,0,0,0,0,1,0,0,1,0,0,0,0,0,0,0,0,0,0,0,0,0,0,0,0,0,0,0,0,0,0,0,0,0,0,0,0,0,0,0,0,0,0,0
17521:0,0,0,5,8,8,4,4,2,7,9,6,3,8,3,4,12,4,4,4,3,4,11,11,5,7,7,2,4,10,6,6,10,8,6,4,2,5,3,5,4,5,4,9,5,4,10,5,5,3,10,7,4,4,4,11,6,6,2,5,8,6,3,4,0,1,0,0,0,0,0,0,0,0,0,0,0,0,0,0,0,0,0,0,0,0,0,0,0,0,0,0,0,0,0,0,0,0,0,0,0,0,0,0,0,0,0,0,0,0,0,0,0
17522:0,0,4,2,4,8,11,9,4,6,7,9,5,9,7,10,10,5,12,9,6,4,8,4,8,7,7,8,11,3,7,6,8,12,11,5,6,8,6,5,6,5,7,7,10,11,11,8,6,5,5,5,8,11,7,4,6,5,8,8,10,9,7,10,3,1,0,1,0,0,0,0,0,0,0,0,1,0,0,0,0,0,0,0,1,0,0,0,0,0,0,0,0,0,0,0,0,0,0,0,0,0,0,0,0,0,0,0,0,0,0,0,0
917107:0,0,2,4,4,8,5,6,2,4,4,4,10,8,8,7,9,8,10,6,4,7,5,3,6,11,10,5,7,3,5,7,10,7,9,5,5,4,8,4,4,5,7,9,7,11,8,10,3,5,6,6,2,9,10,5,3,8,2,3,6,11,4,10,2,1,0,0,1,1,0,0,1,0,0,1,0,0,1,0,0,0,0,0,0,0,0,0,0,0,0,0,0,0,0,0,0,0,0,0,0,0,0,0,0,0,0,0,0,0,0,0,0
917108:0,0,1,3,2,2,3,2,1,3,5,0,1,3,7,0,0,3,4,2,6,6,3,3,1,1,3,4,3,3,1,3,5,2,2,1,3,7,0,3,1,5,3,5,3,5,1,4,6,2,3,3,1,4,4,1,3,6,0,2,2,4,1,0,2,0,0,1,0,0,0,0,0,0,0,0,0,0,0,0,1,0,0,0,0,0,1,0,0,0,0,0,0,0,0,0,0,0,0,1,0,0,0,0,0,0,0,0,0,0,1,0,0
917109:0,0,2,0,2,0,0,1,2,1,0,3,1,2,1,2,1,2,2,2,2,2,1,3,0,1,5,1,3,1,1,1,2,1,2,4,1,6,2,2,2,1,1,4,4,1,2,0,5,0,3,1,2,3,0,0,4,2,3,0,1,3,0,0,1,0,0,0,0,0,0,0,0,0,0,0,0,0,0,0,0,0,0,0,0,0,0,0,0,0,0,0,0,0,0,0,0,0,0,0,0,0,0,0,0,0,0,0,0,0,0,0,0
17526:0,0,5,5,3,6,6,4,6,3,7,6,10,4,3,1,4,2,2,3,6,5,5,2,2,3,3,3,7,7,4,3,2,6,3,2,6,5,3,2,2,3,3,4,5,4,3,3,3,10,6,5,6,5,9,6,11,4,8,3,5,2,4,1,0,0,0,0,0,0,0,0,0,0,0,0,0,0,0,0,0,0,0,0,0,0,0,0,0,0,0,0,0,0,0,0,0,0,0,0,0,0,0,0,0,0,0,0,0,0,0,0,0
17527:0,0,4,6,2,4,6,2,2,3,8,5,9,7,3,4,2,6,3,4,4,6,2,3,3,4,5,5,4,4,4,3,2,3,7,2,6,5,3,2,3,6,2,3,8,5,4,7,4,6,6,4,5,3,7,9,4,4,7,4,5,2,2,0,0,0,0,0,0,0,0,0,0,0,0,0,0,0,0,0,0,0,0,0,0,0,0,0,0,0,0,0,0,0,0,0,0,0,0,0,0,0,0,0,0,0,0,0,0,0,0,0,0
917112:0,0,1,1,1,0,0,1,1,1,2,1,0,1,0,3,1,1,3,1,1,5,0,1,1,0,3,1,4,1,3,2,3,1,2,3,2,4,2,0,2,3,2,3,4,2,1,1,3,0,5,1,1,3,3,0,0,1,3,1,2,2,1,0,1,0,0,0,0,0,0,0,0,0,0,0,0,1,0,0,0,0,0,0,0,0,0,0,0,0,0,0,0,0,0,1,0,0,0,0,0,1,0,0,0,0,0,0,1,0,0,1,0
917113:0,0,1,0,1,1,0,1,2,1,2,1,1,1,1,4,1,1,1,3,0,3,0,0,0,0,0,1,0,2,1,1,2,2,1,0,0,2,1,0,1,2,1,1,0,2,0,0,1,2,1,0,1,1,2,2,2,2,0,2,1,3,0,0,0,0,0,0,0,0,0,0,0,0,0,0,0,1,0,0,0,0,0,0,0,0,0,0,0,0,0,0,0,0,0,1,0,0,0,0,0,0,0,0,0,0,0,0,1,0,0,0,1
17530:0,0,7,5,4,3,6,2,2,6,11,6,5,9,4,6,3,7,1,6,5,6,4,3,4,5,6,3,6,5,1,2,3,2,9,7,3,4,7,3,6,3,6,7,7,5,4,5,6,8,4,2,7,5,5,7,2,4,9,4,4,1,0,0,0,0,0,0,1,0,0,0,0,0,0,1,0,0,0,0,0,0,0,0,0,0,0,0,0,0,0,1,0,0,0,0,0,0,0,0,0,1,0,0,0,0,0,1,0,0,0,0,0
17531:0,0,5,6,3,3,7,7,3,2,9,4,2,8,2,6,3,4,4,3,5,2,4,2,5,4,6,7,5,1,2,3,4,2,6,9,4,6,3,3,6,3,6,11,2,5,4,7,6,7,2,1,4,6,2,3,2,8,3,2,7,2,2,0,0,0,0,0,0,0,0,0,0,0,0,0,0,0,0,0,0,0,0,0,0,0,0,0,0,0,0,0,0,0,0,0,0,0,0,0,0,0,0,0,0,0,0,0,0,0,0,0,0
17532:0,0,2,7,8,3,9,7,8,6,3,7,2,8,3,8,4,3,4,8,6,1,3,7,5,6,5,9,6,2,4,3,2,1,2,7,3,4,8,4,4,6,6,7,4,4,3,7,9,8,3,3,7,7,4,6,0,3,8,4,7,6,7,0,1,1,0,1,0,1,0,0,1,0,1,0,0,0,1,0,1,1,0,0,0,0,2,0,0,0,0,0,1,0,0,1,1,0,1,0,0,0,0,0,1,0,0,0,0,1,0,0,0
17021:0,0,3,1,3,4,2,5,2,4,2,4,5,0,2,6,4,7,3,1,2,4,1,4,3,4,4,2,3,0,3,0,2,2,3,0,1,4,5,4,1,2,2,4,3,0,2,3,1,3,4,6,2,3,4,3,2,1,5,4,5,4,2,0,1,0,0,0,0,0,0,0,0,0,0,0,0,0,0,0,0,0,0,0,0,0,0,0,0,0,0,0,0,0,0,0,0,0,0,0,0,0,0,0,0,0,0,0,0,0,0,0,0
17022:0,0,1,1,0,1,0,3,1,4,1,2,3,1,1,3,0,3,1,0,0,0,1,2,0,2,2,1,0,0,0,0,0,2,0,0,1,0,1,1,0,0,0,2,0,0,0,1,0,1,0,4,0,2,1,0,1,0,3,2,1,2,0,0,0,0,0,0,0,0,0,0,0,0,0,0,0,0,0,0,0,0,0,0,0,0,0,0,0,0,0,0,0,0,0,0,0,0,0,0,0,0,0,0,0,0,0,0,0,0,0,0,0
17025:0,0,1,2,1,4,2,5,3,2,6,4,6,1,5,4,5,3,1,2,3,0,2,3,0,5,4,3,2,1,1,0,4,6,2,1,4,0,5,6,2,2,0,1,1,1,2,0,2,3,0,5,2,4,1,6,2,3,3,5,4,1,1,0,0,0,0,0,0,0,0,0,0,0,0,0,0,0,0,0,0,0,0,0,0,0,0,0,0,0,0,0,0,0,0,0,0,0,0,0,0,0,0,0,0,0,0,0,0,0,0,0,0
17718:0,0,0,0,2,2,1,0,1,3,0,5,2,2,1,0,0,2,3,2,1,0,2,4,1,4,4,1,3,0,2,3,2,2,1,0,1,1,4,1,2,2,3,1,1,2,1,1,2,1,0,0,1,3,2,0,1,0,1,2,2,2,0,0,0,0,0,0,0,0,0,0,0,0,0,0,0,0,0,0,0,0,0,0,0,0,0,0,0,0,0,0,0,0,0,0,0,0,0,0,0,0,0,0,0,0,0,0,0,0,0,0,0
917014:0,0,6,2,10,7,3,6,8,8,6,6,7,8,9,10,8,3,10,8,1,4,9,6,9,6,5,7,6,9,9,3,6,6,4,5,7,6,9,3,2,11,6,3,5,6,7,10,5,7,5,3,6,5,6,8,5,7,11,7,3,5,5,3,3,0,0,0,0,1,1,0,0,1,0,0,0,0,1,0,0,0,0,0,0,0,0,0,0,0,0,0,0,0,0,0,0,0,0,0,0,0,0,0,0,0,0,0,0,0,0,0,0
17543:0,0,1,1,2,6,0,4,0,0,2,0,2,1,5,2,2,1,1,2,4,2,1,3,0,2,2,1,1,2,2,3,5,2,0,2,2,1,3,3,5,6,2,3,2,1,0,1,1,5,2,1,5,8,3,0,2,0,1,3,3,3,3,0,1,0,0,0,0,0,0,0,0,0,0,0,0,0,0,0,0,0,0,0,0,0,0,0,0,0,0,0,0,0,0,0,0,0,0,0,0,0,0,0,0,0,0,0,0,0,0,0,0
17544:0,0,3,4,1,7,3,7,9,3,3,6,4,2,5,3,4,5,4,4,0,10,2,4,3,8,5,2,4,4,9,3,7,6,2,6,7,5,10,6,5,6,4,2,5,4,4,5,7,1,4,4,2,7,10,4,5,6,2,8,6,7,3,3,1,0,0,0,0,0,0,0,0,0,0,0,0,0,0,0,0,0,0,0,0,0,0,0,0,0,0,0,0,0,0,0,0,0,0,0,0,0,0,0,0,0,0,0,0,0,0,0,0
917751:0,0,4,6,12,9,13,7,8,6,10,7,10,10,14,6,13,9,13,11,11,6,11,11,13,10,11,9,9,11,17,11,16,10,15,11,13,10,15,4,11,9,11,10,10,3,11,12,15,11,10,3,14,14,9,7,15,4,12,10,12,10,11,1,7,7,7,7,6,1,7,7,7,7,6,1,7,3,0,0,0,0,0,0,0,0,0,0,0,0,0,0,0,0,0,0,0,0,0,0,0,0,0,0,0,0,0,0,0,0,0,0,0
17035:0,0,0,2,0,3,2,3,2,2,5,1,3,0,2,2,3,1,2,0,2,0,1,1,4,1,2,1,1,0,2,0,1,2,2,1,1,1,5,1,1,2,0,0,0,1,0,0,2,1,0,1,4,0,1,5,1,1,2,4,0,1,1,0,0,0,0,0,0,0,0,0,0,0,0,0,0,0,0,0,0,0,0,0,0,0,0,0,0,0,0,0,0,0,0,0,0,0,0,0,0,0,0,0,0,0,0,0,0,0,0,0,0
917469:0,0,2,1,1,2,1,1,1,2,2,0,0,1,1,2,0,2,1,1,0,2,1,0,1,0,0,1,3,1,1,0,0,1,1,1,0,0,0,1,2,0,0,0,1,1,0,1,0,1,0,0,1,0,0,1,2,1,0,1,1,0,0,0,0,0,0,0,0,0,0,0,0,0,0,0,0,0,0,0,0,0,0,0,0,0,0,0,0,0,0,0,0,0,0,0,0,0,0,0,0,0,0,0,0,0,0,0,0,0,0,0,0
917655:0,0,0,0,4,2,6,1,4,5,5,4,5,4,4,3,1,5,7,2,2,4,2,3,2,0,4,2,4,2,0,3,2,2,2,6,2,7,6,4,1,3,3,1,2,4,2,3,4,2,5,3,2,3,4,2,4,1,5,6,6,1,1,1,0,1,1,1,0,0,0,1,0,0,1,0,0,0,0,0,0,0,0,0,0,0,0,0,0,0,0,0,0,0,0,0,0,0,0,0,0,0,0,0,0,0,0,0,0,0,0,0,0
17049:0,0,7,7,14,11,9,6,10,15,12,8,7,8,13,5,8,5,9,8,6,8,11,9,9,9,8,9,8,9,11,6,15,6,14,7,6,11,9,12,5,8,6,4,11,5,13,10,9,9,5,5,11,4,8,12,11,14,12,5,10,7,4,1,0,0,0,0,0,0,0,0,0,0,0,0,0,0,0,0,0,0,0,0,0,0,0,0,0,0,0,0,0,0,0,0,0,0,0,0,0,0,0,0,0,0,0,0,0,0,0,0,0
17519:0,0,0,2,1,4,1,2,1,1,1,0,2,3,5,3,2,1,2,1,2,2,4,2,1,0,2,3,1,2,2,3,3,1,2,2,0,0,3,2,2,1,1,3,1,2,0,1,1,4,1,3,2,4,2,0,2,1,2,1,2,2,1,0,1,0,0,0,0,0,0,0,0,0,0,0,0,0,0,0,0,0,0,0,0,0,0,0,0,0,0,0,0,0,0,0,0,0,0,0,0,0,0,0,0,0,0,0,0,0,0,0,0
917018:0,0,4,6,5,5,4,9,7,10,11,6,13,7,5,7,5,6,10,7,7,10,9,8,12,10,6,6,5,12,13,11,6,10,6,4,11,7,9,11,9,6,7,15,8,7,7,9,12,9,14,4,13,7,12,10,9,6,11,10,14,14,7,4,5,3,1,0,0,1,0,0,1,0,1,0,0,0,0,0,0,0,0,0,0,0,0,0,0,0,0,0,0,0,0,0,0,0,0,0,0,0,0,0,0,0,0,0,0,0,0,0,0
17055:0,0,10,10,5,8,7,11,17,14,14,12,13,5,8,14,9,16,10,12,7,12,10,15,10,10,13,15,8,16,12,8,16,14,10,7,10,10,6,12,9,12,8,16,15,11,10,7,13,16,14,10,12,4,19,13,16,19,3,14,15,17,3,0,1,0,0,0,0,0,0,0,0,0,0,0,0,0,0,0,0,0,0,0,0,0,0,0,0,0,0,0,0,0,0,0,0,0,0,0,0,0,0,0,0,0,0,0,0,0,0,0,0
17520:0,0,2,2,1,2,1,0,2,5,2,4,3,2,1,3,2,3,0,1,3,2,2,4,5,3,3,0,3,2,2,1,1,2,4,0,0,1,1,2,3,3,1,3,1,3,2,2,0,0,5,2,0,3,3,1,2,1,2,2,5,2,2,1,0,1,0,0,1,0,0,0,0,0,0,0,0,0,0,0,0,0,0,0,0,0,0,0,0,0,0,0,0,0,0,0,1,0,1,0,0,0,0,0,0,0,0,0,0,0,0,0,0
17435:0,0,10,17,29,20,32,27,27,26,30,26,26,27,25,34,31,25,29,42,27,29,19,36,30,33,39,36,33,24,36,33,29,32,27,15,26,37,27,32,33,25,30,29,32,36,35,23,29,25,29,35,32,24,37,30,33,33,30,26,28,31,18,22,16,14,12,11,11,7,0,0,0,0,0,0,0,0,0,0,0,0,0,0,0,0,0,0,0,0,0,0,0,0,0,0,0,0,0,0,0,0,0,0,0,0,0,0,0,0,0,0,0
917155:0,0,0,1,0,2,0,1,3,1,0,5,1,3,1,3,2,0,4,2,0,1,2,1,2,1,2,0,3,1,0,2,0,0,2,0,0,0,0,0,0,3,0,0,0,1,0,0,0,4,2,2,0,0,0,0,1,3,1,1,1,1,2,2,1,0,0,0,0,0,0,0,0,0,0,0,0,0,0,0,0,0,0,0,0,0,0,0,0,0,0,1,0,0,0,0,0,0,0,0,0,0,0,0,0,0,0,0,0,0,0,1,0
917157:0,0,0,5,11,11,14,12,17,12,8,13,18,11,14,10,12,14,11,9,9,9,7,12,13,10,10,14,15,19,14,13,13,12,12,14,11,16,14,10,17,11,10,2,7,11,19,14,14,11,8,8,13,14,20,11,20,14,18,12,13,12,12,17,6,1,1,0,0,2,1,0,1,1,0,0,0,1,0,0,0,0,0,0,0,0,1,0,0,0,0,0,0,2,0,0,0,0,0,0,0,0,0,0,0,0,0,0,0,0,0,0,0
17062:0,0,2,0,4,2,2,4,7,0,3,6,4,1,3,3,1,2,3,3,2,4,4,0,1,3,4,2,1,4,1,2,5,4,2,2,3,3,2,1,4,2,2,0,1,3,5,2,1,4,4,1,3,4,2,4,4,5,2,5,5,3,1,0,0,0,0,0,0,0,0,0,0,0,0,0,0,0,0,0,0,0,0,0,0,0,0,0,0,0,0,0,0,0,0,0,0,0,0,0,0,0,0,0,0,0,0,0,0,0,0,0,0
917105:0,0,0,1,0,1,1,3,0,2,3,1,4,2,1,0,0,3,1,2,4,1,1,0,1,1,0,0,1,2,0,4,1,2,1,2,1,3,0,4,0,1,4,2,0,4,3,0,1,0,0,1,0,0,2,0,0,5,0,2,2,3,1,0,0,0,0,0,0,0,0,0,0,0,0,0,0,0,0,0,0,0,0,0,0,0,0,0,0,0,0,0,0,0,0,0,0,0,0,0,0,0,0,0,0,0,0,0,0,0,0,0,0
917161:0,0,3,6,8,8,10,12,12,16,13,13,14,11,8,8,15,10,6,14,11,15,12,14,16,11,17,12,11,11,13,16,7,10,13,12,9,10,22,15,7,9,16,11,13,6,13,11,14,18,16,13,6,15,15,13,14,17,13,12,13,13,14,10,13,5,2,0,1,2,0,1,2,1,2,0,4,1,1,0,1,0,0,0,0,0,0,1,0,0,0,0,1,0,0,0,0,0,0,0,0,0,1,0,0,1,0,2,0,0,0,0,2
917165:0,0,1,2,8,6,6,5,5,6,2,7,8,6,11,5,9,9,9,7,6,8,6,6,5,12,15,7,6,7,5,9,8,9,7,4,10,5,3,6,7,3,9,9,7,14,5,13,7,9,6,4,9,9,11,6,7,3,3,7,6,9,7,13,3,3,2,1,1,1,2,1,1,0,1,0,1,1,0,0,1,0,1,0,1,1,0,0,1,0,1,0,1,0,0,0,0,0,0,2,0,0,0,0,0,0,0,0,0,0,1,0,0
17181:0,0,0,0,0,0,0,0,0,0,0,0,0,0,0,0,0,0,0,0,0,0,0,0,0,0,0,0,0,0,0,0,0,0,0,0,0,0,0,0,0,0,0,0,0,0,0,0,0,0,0,0,0,0,0,0,0,0,0,0,0,0,0,0,0,0,0,0,0,0,0,0,0,0,0,0,0,0,0,0,0,0,0,0,0,0,0,0,0,0,0,0,0,0,0,0,0,0,0,0,0,0,0,0,0,0,0,0,0,0,0,0,0
917169:0,0,0,2,2,1,1,2,5,3,3,1,3,2,3,2,2,3,6,1,5,3,3,1,1,2,1,2,1,2,4,2,4,0,0,6,2,5,3,1,5,3,1,1,2,2,2,2,5,1,3,3,1,3,5,3,0,2,1,1,2,3,3,1,1,0,0,0,0,0,0,0,0,0,0,0,0,1,0,0,0,0,0,0,0,0,0,0,0,0,0,0,0,0,0,1,0,0,0,0,1,0,0,0,0,0,0,0,1,0,0,1,0
917619:0,0,2,1,4,6,8,5,5,10,5,7,3,9,7,3,6,7,7,4,8,9,5,5,5,4,4,10,4,7,4,3,6,4,7,3,6,6,5,3,11,8,7,9,4,6,4,4,7,7,3,7,5,8,9,3,5,4,2,4,4,5,2,1,1,1,0,2,0,0,0,0,0,0,0,0,0,1,0,0,0,0,0,0,0,0,0,0,0,0,1,0,0,0,0,0,0,0,0,0,0,0,0,0,0,0,0,0,0,0,0,0,0
17592:0,0,1,3,4,2,4,4,4,4,4,4,5,4,3,6,4,7,11,7,4,3,9,5,7,10,2,4,4,5,3,5,5,11,4,3,5,5,4,4,4,7,5,8,2,6,9,5,3,3,6,9,5,4,10,9,8,10,5,9,2,5,6,2,2,0,1,0,2,3,1,2,1,0,0,3,2,2,3,2,1,2,4,2,1,1,0,0,1,2,2,0,0,2,0,0,0,1,1,1,2,1,4,1,2,2,1,3,1,4,2,0,0
17524:0,0,4,2,9,4,9,11,8,3,10,9,12,13,14,11,13,13,9,18,13,5,3,12,12,8,7,9,13,9,14,9,19,4,13,5,4,15,9,13,11,8,8,9,7,11,9,9,15,7,11,15,12,15,13,7,4,10,8,4,8,9,6,8,6,4,3,3,2,0,3,2,0,3,1,2,5,3,2,2,3,1,4,0,1,3,1,0,1,1,0,2,1,1,1,1,1,3,3,1,3,0,2,0,1,0,0,0,0,0,0,0,0
917748:0,0,2,2,4,1,5,2,4,3,1,2,0,1,2,4,2,4,2,4,4,1,4,6,1,7,4,4,1,5,4,4,6,4,3,4,3,4,5,5,4,1,3,2,3,1,4,6,2,2,2,0,5,5,1,3,4,2,4,1,4,2,4,0,0,0,0,0,0,0,0,0,0,0,0,0,0,0,0,0,0,0,0,0,0,0,0,0,0,0,0,0,0,0,0,0,0,0,0,0,0,0,0,0,0,0,0,0,0,0,0,0,0
16927:0,0,2,2,4,1,2,1,3,6,4,3,1,1,2,2,1,2,3,2,1,1,3,3,1,3,2,1,6,4,2,3,5,3,0,4,1,3,5,2,3,1,2,3,3,2,2,5,3,1,0,0,2,1,2,1,6,3,3,1,6,1,0,0,0,0,0,0,0,0,0,0,0,0,0,0,0,0,0,0,0,0,0,0,0,0,0,0,0,0,0,0,0,0,0,0,0,0,0,0,0,0,0,0,0,0,0,0,0,0,0,0,0
17754:0,0,0,2,4,4,6,10,4,5,4,8,1,7,3,10,11,3,2,2,7,5,4,5,7,6,8,5,13,4,8,4,10,5,5,9,4,3,7,3,4,10,7,4,10,3,6,5,3,7,9,10,11,9,4,12,3,2,3,7,4,4,1,2,0,1,2,1,0,0,0,0,0,0,1,0,0,3,1,1,1,0,1,1,1,0,0,0,0,0,0,1,0,0,1,0,0,1,1,1,0,0,0,1,1,0,0,0,0,0,0,0,0
17354:0,0,0,0,0,0,0,0,0,0,0,0,0,0,0,0,0,0,0,0,0,0,0,0,0,0,0,0,0,0,0,0,0,0,0,0,0,0,0,0,0,0,0,0,0,0,0,0,0,0,0,0,0,0,0,0,0,0,0,0,0,0,0,0,0,0,0,0,0,0,0,0,0,0,0,0,0,0,0,0,0,0,0,0,0,0,0,0,0,0,0,0,0,0,0,0,0,0,0,0,0,0,0,0,0,0,0,0,0,0,0,0,0
17086:0,0,0,0,0,0,0,0,0,0,0,0,0,0,0,0,0,0,0,0,0,0,0,0,0,0,0,0,0,0,0,0,0,0,0,0,0,0,0,0,0,0,0,0,0,0,0,0,0,0,0,0,0,0,0,0,0,0,0,0,0,0,0,0,0,0,0,0,0,0,0,0,0,0,0,0,0,0,0,0,0,0,0,0,0,0,0,0,0,0,0,0,0,0,0,0,0,0,0,0,0,0,0,0,0,0,0,0,0,0,0,0,0
17599:0,0,2,6,16,12,12,6,9,11,6,13,7,10,8,5,12,6,7,15,6,9,6,10,9,4,14,13,6,8,4,7,14,5,6,8,8,6,13,12,8,10,10,11,13,7,7,8,7,13,9,11,8,8,8,5,6,12,10,9,10,8,7,1,0,0,0,1,0,0,1,0,2,0,0,2,1,0,0,1,3,1,1,0,1,1,2,0,1,0,3,1,0,0,1,1,0,1,1,2,1,0,1,1,0,1,0,2,0,0,0,0,0
17600:0,0,1,2,3,12,13,9,4,9,6,8,10,7,10,11,6,4,3,4,8,9,9,12,7,3,7,7,11,9,9,7,6,4,5,12,8,10,11,11,5,3,3,14,9,12,12,12,7,7,10,8,12,4,5,5,5,6,12,11,5,8,2,2,1,3,5,3,6,4,2,0,6,5,3,3,4,5,0,0,1,3,2,4,7,4,3,2,6,2,2,2,0,4,4,4,3,5,4,4,4,5,1,3,7,0,0,3,3,2,0,2,0
17602:0,0,2,4,9,11,2,5,8,5,3,4,5,3,4,1,4,4,3,5,2,2,3,8,4,1,5,6,4,2,0,10,4,5,1,4,5,3,10,3,7,3,4,2,5,5,5,8,3,4,7,5,5,6,4,1,3,9,4,1,7,4,3,0,0,0,0,0,0,0,0,0,1,0,0,0,0,0,0,0,0,0,0,0,0,0,0,0,0,0,0,0,0,0,0,0,1,0,0,0,0,0,0,0,0,0,0,0,0,0,0,0,0
17603:0,0,4,3,4,5,4,6,5,2,2,5,2,1,4,1,5,6,5,3,3,0,5,3,5,4,5,2,2,0,2,6,6,5,1,6,4,2,5,0,4,4,4,4,4,4,3,3,3,5,0,6,2,3,3,3,3,2,1,1,9,4,2,1,0,0,0,0,0,0,1,0,0,0,0,0,0,0,0,0,0,0,0,0,0,0,0,0,0,0,0,0,0,0,0,0,0,0,0,0,0,0,0,0,0,0,0,0,0,0,0,0,0
17604:0,0,1,1,2,1,4,4,3,2,1,5,3,2,1,3,2,6,4,0,4,1,4,3,6,5,4,2,2,2,0,3,5,3,3,3,0,2,2,1,2,2,2,1,4,4,6,0,3,1,1,5,3,1,2,3,5,2,2,6,2,1,1,0,0,0,0,0,0,0,1,0,0,0,0,0,0,0,0,0,0,0,0,0,0,0,0,0,0,0,0,0,0,0,0,0,0,0,0,0,0,0,0,0,0,0,0,0,0,0,0,0,0
17605:0,0,0,7,7,4,10,5,9,7,3,6,7,9,4,9,4,4,3,5,11,1,3,6,4,8,6,11,9,1,6,3,1,3,4,2,6,4,10,3,4,4,6,7,4,6,7,6,5,9,5,7,7,6,5,8,3,3,8,6,5,6,7,0,1,0,0,0,0,1,0,0,0,1,0,0,0,0,0,0,0,0,0,0,0,0,1,0,0,0,0,0,1,0,0,1,1,0,1,0,0,0,0,0,0,0,0,0,0,0,0,0,0
17606:0,0,1,5,3,1,9,4,3,2,5,2,2,4,3,3,5,5,4,1,4,2,6,4,9,9,1,2,0,2,1,6,3,5,4,3,2,4,3,3,3,3,3,5,3,5,6,1,4,2,3,5,4,1,4,10,5,9,1,8,2,2,1,1,1,0,0,0,0,0,0,0,0,0,0,0,0,1,1,0,0,0,1,1,0,1,0,0,0,0,0,0,0,0,0,0,0,0,0,0,0,0,0,0,0,0,1,1,2,1,0,0,0
17607:0,0,1,1,2,1,4,1,0,0,2,2,0,1,1,0,2,0,2,2,1,1,1,1,1,3,0,1,1,0,0,3,1,2,2,0,1,1,1,2,1,3,1,0,1,1,0,1,1,2,0,2,1,0,2,2,1,2,1,3,0,1,0,0,0,0,0,0,0,0,0,0,0,0,0,0,0,0,0,0,0,0,0,0,0,0,0,0,0,0,0,0,0,0,0,0,0,0,0,0,0,0,0,0,0,0,0,0,0,0,0,0,0
917705:0,0,2,8,10,14,12,13,5,8,11,8,9,10,10,11,11,12,14,8,12,17,12,11,8,9,16,9,9,5,11,10,13,18,9,12,6,8,8,8,14,9,10,14,10,14,15,12,13,8,8,12,14,20,15,8,10,10,18,14,12,7,11,13,1,3,0,2,1,1,0,1,1,0,1,1,0,1,1,0,0,0,0,0,0,0,0,0,0,0,0,0,0,0,0,0,0,0,0,1,0,0,1,0,0,0,0,0,1,0,0,0,0
917706:0,0,0,2,1,3,1,0,0,2,2,2,2,2,3,0,0,4,2,0,2,1,3,1,5,1,2,2,0,1,5,1,2,1,6,2,4,3,4,2,2,2,1,2,1,3,0,2,5,3,3,1,1,1,2,2,1,3,1,3,0,2,0,1,1,1,0,1,0,1,0,2,1,0,2,1,1,0,0,0,0,0,0,0,0,0,0,0,0,0,0,0,0,0,0,0,0,0,0,0,0,0,0,0,0,0,0,0,0,0,0,0,0
917111:0,0,1,0,3,2,1,2,5,4,2,4,1,5,5,1,3,4,3,2,3,2,4,3,0,2,3,3,2,2,2,1,2,2,1,2,5,5,7,2,8,0,0,2,3,1,2,4,5,3,2,3,3,3,2,2,4,3,1,0,1,2,4,0,0,0,0,0,0,0,0,0,0,0,0,0,0,0,0,0,0,0,0,0,0,0,0,0,0,0,0,0,0,0,0,0,0,0,0,0,0,0,0,0,0,0,0,0,0,0,0,0,0
917708:0,0,0,3,4,9,8,7,2,7,10,7,4,8,7,11,6,8,6,3,6,7,9,6,8,5,8,5,10,7,9,10,7,5,10,6,12,10,12,8,9,6,5,7,10,12,9,9,9,12,9,8,6,7,5,3,8,7,8,9,7,8,2,2,2,2,4,3,5,4,3,2,6,6,3,3,2,3,4,0,1,1,1,3,6,5,2,2,4,1,2,1,0,4,3,4,3,1,4,2,2,5,2,3,6,0,0,3,2,1,1,2,0
917709:0,0,1,5,7,8,9,6,10,5,12,8,7,6,4,6,4,8,7,4,3,5,9,5,9,9,3,9,5,7,8,5,8,9,2,7,3,8,6,7,10,4,4,11,5,3,8,7,8,11,7,9,7,8,7,5,7,9,8,10,8,5,5,2,0,1,1,0,1,1,0,1,3,0,0,1,0,1,0,0,0,0,0,0,0,2,0,0,2,0,0,0,0,0,0,0,1,0,0,0,0,1,0,0,0,0,0,0,0,0,0,0,0
917710:0,0,0,2,5,9,7,4,6,7,10,8,5,6,7,12,13,7,3,6,4,9,5,2,5,8,7,8,3,6,10,8,4,5,10,8,11,9,13,5,10,8,5,4,3,12,13,5,7,10,4,5,7,9,6,5,5,4,10,5,6,8,6,3,2,2,0,3,3,0,3,1,3,3,3,1,2,3,3,0,1,0,1,1,4,3,1,2,1,1,2,1,0,3,2,3,3,1,3,1,2,3,0,2,5,0,0,2,0,1,1,2,0
917711:0,0,2,17,13,19,19,18,16,11,13,11,12,17,8,21,20,9,13,13,10,22,9,11,16,16,14,16,10,12,12,13,15,13,15,10,11,19,15,12,13,11,9,16,18,14,17,13,16,16,16,18,19,12,15,15,17,20,23,10,9,20,15,4,0,1,1,0,0,0,0,1,1,0,0,0,0,0,0,0,0,0,0,0,0,0,0,0,0,0,0,0,0,0,0,0,0,0,0,0,0,0,0,0,0,0,0,0,0,0,0,0,0
917712:0,0,0,2,4,6,7,4,5,9,11,9,5,7,3,13,14,6,6,4,6,6,4,2,4,9,6,7,8,8,8,7,6,3,6,3,9,6,12,11,8,10,5,2,5,10,3,7,7,8,3,6,4,6,2,5,4,10,7,11,4,14,8,5,3,0,0,2,1,0,3,0,1,2,3,0,3,1,2,0,0,0,0,1,2,1,2,0,1,0,0,0,0,2,2,3,1,1,0,1,1,2,0,0,2,1,0,0,0,0,0,2,0
917713:0,0,0,3,1,3,2,1,2,7,1,2,3,3,0,7,2,1,3,3,2,2,2,0,1,1,0,3,2,2,3,4,4,3,2,2,1,1,1,5,2,1,2,2,2,1,2,0,4,4,3,5,1,3,1,1,1,6,4,3,6,5,2,1,0,0,0,0,1,1,1,0,0,0,0,0,0,0,1,0,0,0,0,0,0,0,0,0,0,0,0,0,0,0,0,0,0,0,0,0,0,0,0,0,0,0,0,0,0,0,0,0,0
917714:0,0,0,0,0,2,2,1,0,3,0,8,4,1,4,3,4,0,1,4,0,0,2,1,2,6,3,2,2,1,1,2,1,2,4,2,2,3,2,5,3,3,2,1,1,5,1,2,1,3,1,3,1,3,1,2,5,1,3,4,2,2,3,2,2,0,0,1,0,0,1,0,0,0,0,0,0,0,1,0,0,0,0,0,0,1,2,0,0,0,0,0,0,0,0,1,1,0,0,1,0,0,0,0,1,0,0,0,0,0,0,0,0
917715:0,0,2,1,2,1,4,2,1,1,3,2,4,2,3,4,5,2,2,2,2,1,0,1,2,2,4,1,2,5,1,3,2,1,3,0,1,4,2,0,4,2,2,2,0,0,1,1,5,2,2,0,3,1,2,1,1,0,2,1,2,1,0,0,0,0,0,0,0,0,0,0,0,0,0,0,0,0,0,0,0,0,0,0,0,0,0,0,0,0,0,0,0,0,0,0,0,0,0,0,0,0,0,0,0,0,0,0,0,0,0,0,0
917716:0,0,0,2,0,0,0,0,0,0,1,0,0,1,0,0,0,0,1,0,1,0,0,1,0,0,0,0,0,0,0,0,0,0,1,1,0,0,0,0,1,1,0,1,1,0,0,0,0,0,1,0,0,1,3,0,0,0,1,0,1,0,0,0,0,0,0,0,0,0,0,0,0,0,0,0,0,0,0,0,0,0,0,0,0,0,0,0,0,0,0,0,0,0,0,0,0,0,0,0,0,0,0,0,0,0,0,0,0,0,0,0,0
917717:0,0,0,0,0,0,0,0,0,0,0,0,0,0,0,0,0,0,0,0,0,0,0,0,0,0,0,0,0,0,0,0,0,0,0,0,0,0,0,0,0,0,0,0,0,0,0,0,0,0,0,0,0,0,0,0,0,0,0,0,0,0,0,0,0,0,0,0,0,0,0,0,0,0,0,0,0,0,0,0,0,0,0,0,0,0,0,0,0,0,0,0,0,0,0,0,0,0,0,0,0,0,0,0,0,0,0,0,0,0,0,0,0
917718:0,0,0,1,1,2,0,0,0,0,0,1,0,1,0,0,4,3,0,0,0,0,2,0,2,1,0,1,2,0,0,0,0,0,0,3,3,0,0,1,2,2,1,1,0,0,1,3,1,2,2,3,3,0,2,1,0,0,2,1,0,0,0,0,1,0,0,0,0,0,0,0,0,0,0,0,0,0,0,0,0,0,0,0,0,0,0,0,0,0,0,0,0,0,0,0,0,0,0,0,0,0,0,0,0,0,0,0,0,0,0,0,0
17017:0,0,2,4,4,2,7,6,1,3,3,5,5,3,4,2,5,4,6,3,4,4,4,3,1,2,5,5,3,1,4,6,5,2,9,1,4,2,3,6,3,0,4,3,3,2,3,1,3,5,1,3,5,3,6,6,2,8,6,3,6,5,1,0,2,3,0,0,0,0,0,0,0,0,0,0,0,0,0,0,0,0,0,0,0,0,0,0,0,0,0,0,0,0,0,0,0,0,0,0,0,0,0,0,0,0,0,0,0,0,0,0,0
17431:0,0,1,5,11,10,8,5,5,4,8,3,5,12,4,8,11,4,6,3,7,11,7,10,7,8,8,8,6,12,8,13,7,9,5,4,4,5,8,6,9,9,5,11,7,4,9,7,5,9,12,11,7,3,10,3,7,8,5,7,5,6,6,2,1,1,1,0,1,0,0,0,0,0,0,0,0,0,0,0,0,0,0,0,0,0,0,0,0,0,0,0,0,0,0,0,0,0,0,0,0,0,0,0,0,0,0,0,0,0,0,0,0
917472:0,0,1,2,5,11,6,13,6,7,5,12,9,3,11,8,2,6,5,9,4,4,4,11,9,8,7,10,2,6,8,6,4,9,1,7,8,10,5,10,9,11,5,8,9,7,1,10,9,7,8,12,7,10,3,10,6,9,4,9,10,13,5,0,0,0,0,0,0,0,0,0,0,0,0,0,0,0,0,0,0,0,0,0,0,0,0,0,0,0,0,0,0,0,0,0,0,0,0,0,0,0,0,0,0,0,0,0,0,0,0,0,0
17114:0,0,2,1,3,1,2,3,1,5,2,5,2,1,1,1,3,2,4,2,1,5,5,1,2,1,5,5,5,0,5,2,5,3,3,4,4,4,6,0,5,3,3,1,5,3,2,4,4,3,5,4,3,6,1,3,1,3,5,3,5,3,2,0,0,1,0,0,0,0,0,0,0,0,0,0,0,0,0,0,0,0,0,0,0,0,0,0,0,0,0,0,0,0,0,0,0,0,0,0,0,0,0,0,0,0,0,0,0,0,0,0,0
917211:0,0,0,0,0,0,0,0,0,0,0,0,0,0,0,0,0,0,0,0,0,0,0,0,0,0,0,0,0,0,0,0,0,0,0,0,0,0,0,0,0,0,0,0,0,0,0,0,0,0,0,0,0,0,0,0,0,0,0,0,0,0,0,0,0,0,0,0,0,0,0,0,0,0,0,0,0,0,0,0,0,0,0,0,0,0,0,0,0,0,0,0,0,0,0,0,0,0,0,0,0,0,0,0,0,0,0,0,0,0,0,0,0
17628:0,0,1,5,13,5,4,6,10,4,6,9,7,5,6,7,5,3,8,8,8,5,7,8,4,6,6,7,8,4,2,2,8,6,6,9,4,4,10,9,6,6,5,8,10,5,4,9,6,11,2,2,6,7,11,7,3,3,9,6,7,6,2,3,2,0,0,1,0,0,1,0,1,0,0,1,0,0,0,1,3,0,1,0,0,0,2,1,0,0,1,0,0,0,0,0,0,0,0,1,1,0,1,0,0,1,0,1,0,0,0,0,0
17018:0,0,3,1,2,3,4,5,1,3,3,3,2,1,1,3,2,4,5,1,2,1,2,2,3,0,4,3,2,1,2,1,2,1,6,1,3,1,5,3,2,2,4,3,2,0,1,1,4,1,2,2,4,1,1,2,3,1,3,4,2,4,0,0,0,0,0,0,0,0,0,0,0,0,0,0,0,0,0,0,0,0,0,0,0,0,0,0,0,0,0,0,0,0,0,0,0,0,0,0,0,0,0,0,0,0,0,0,0,0,0,0,0
917627:0,0,2,9,11,16,23,15,5,16,14,13,4,17,17,9,17,9,19,13,15,11,14,13,17,9,17,8,17,7,16,5,17,17,17,12,7,9,10,14,14,13,19,11,18,19,15,13,12,13,10,15,20,21,14,8,15,15,20,20,12,12,20,8,2,1,0,1,1,1,0,1,0,0,1,1,1,0,0,0,0,0,0,0,1,0,0,0,0,0,0,0,0,0,1,1,0,0,0,0,0,0,0,0,0,0,0,0,0,0,0,0,0
917017:0,0,3,1,1,2,1,3,2,4,3,2,7,3,2,5,1,2,5,2,2,1,4,4,2,3,1,2,5,7,4,6,3,5,0,0,5,2,6,1,2,5,2,4,2,1,2,4,6,2,2,1,3,3,3,4,4,2,3,4,3,2,0,1,3,0,0,0,0,0,0,0,0,0,0,0,0,0,0,0,0,0,0,0,0,0,0,0,0,0,0,0,0,0,0,0,0,0,0,0,0,0,0,0,0,0,0,0,0,0,0,0,0
917221:0,0,0,2,0,3,1,1,5,6,2,5,3,3,2,3,3,8,2,3,0,3,4,5,1,2,1,1,3,4,0,2,2,2,5,2,0,0,0,3,3,2,2,1,0,3,2,0,1,7,2,3,1,2,1,1,4,4,1,3,2,2,5,1,2,0,0,0,0,0,1,0,0,0,0,0,0,1,0,0,0,0,0,0,0,0,1,0,0,0,0,1,0,0,0,0,0,0,1,0,1,0,0,0,0,0,0,0,0,0,1,0,0
917543:0,0,1,3,5,3,2,2,3,7,3,7,7,3,5,2,2,3,4,4,4,5,1,3,6,3,1,6,3,2,2,1,4,2,2,5,8,4,8,7,5,0,7,6,2,1,3,3,2,7,4,5,2,0,5,2,7,4,1,2,4,6,1,0,0,0,0,0,0,0,0,0,0,0,0,0,0,0,0,0,0,0,0,0,0,0,0,0,0,0,0,0,0,0,0,0,0,0,0,0,0,0,0,0,0,0,0,0,0,0,0,0,0
17106:0,0,10,16,15,17,13,11,20,18,21,23,16,12,18,23,15,23,15,14,16,19,16,17,19,14,20,20,16,18,15,13,18,20,22,18,15,12,16,21,12,14,18,19,27,18,15,17,25,23,24,14,14,10,17,22,20,26,14,21,19,24,10,0,1,0,0,0,0,0,1,0,0,0,1,0,0,1,0,0,0,0,0,0,0,0,0,0,0,0,0,0,0,0,0,0,0,0,0,0,0,0,0,0,0,0,0,0,0,0,0,0,0
917231:0,0,0,0,0,2,1,1,2,2,5,1,0,0,2,1,0,0,1,0,1,0,0,0,0,2,1,3,1,2,1,0,0,1,2,1,3,0,2,0,1,1,1,2,0,1,1,1,2,0,1,1,2,2,0,0,4,2,1,0,0,0,1,0,0,0,0,0,0,0,0,0,0,0,0,0,0,0,0,0,0,0,0,0,0,0,0,0,0,0,0,0,0,0,0,0,0,0,0,0,0,0,0,0,0,0,0,0,0,0,0,0,0
917233:0,0,4,7,11,15,9,15,19,23,15,16,16,7,13,13,21,12,11,16,11,10,21,20,18,13,17,14,15,15,20,14,11,20,15,18,16,19,21,16,15,21,16,20,11,13,18,21,20,19,21,20,14,13,22,24,21,20,16,15,15,18,12,15,12,6,1,0,2,3,1,1,2,4,1,1,3,2,0,0,0,0,0,0,0,0,0,0,0,0,0,0,0,0,0,0,0,0,0,0,0,0,0,0,0,0,0,0,0,0,0,0,0
917234:0,0,4,3,6,4,7,3,8,10,9,8,5,4,4,4,6,6,5,3,4,4,6,3,5,5,5,9,6,5,3,9,7,6,4,5,5,2,5,5,9,3,6,2,4,7,4,5,6,8,5,3,3,5,8,5,4,9,4,1,2,9,8,1,1,1,0,0,0,0,0,1,0,0,0,0,0,1,0,0,0,0,0,0,0,0,0,0,0,0,0,0,0,0,0,0,0,0,0,0,0,0,0,0,0,0,0,0,0,0,0,0,0
917747:0,0,2,2,5,3,6,3,10,6,8,2,4,4,4,6,4,5,3,5,8,4,10,6,2,4,4,10,1,7,1,2,5,1,4,5,6,7,6,3,5,3,3,4,4,3,7,5,3,2,5,5,4,4,6,2,6,3,3,4,4,5,0,0,0,0,0,0,0,0,0,0,0,0,0,0,0,0,0,0,0,0,0,0,0,0,0,0,0,0,0,0,0,0,0,0,0,0,0,0,0,0,0,0,0,0,0,0,0,0,0,0,0
17325:0,0,4,10,11,10,15,18,10,13,3,18,18,20,12,10,13,11,10,16,14,15,13,12,15,10,9,13,18,14,12,13,15,9,21,6,19,9,9,14,13,9,14,12,14,10,13,10,9,11,13,16,15,12,11,7,7,18,18,14,15,16,11,8,6,3,0,0,2,0,0,0,1,0,0,0,1,0,0,1,0,0,0,0,0,2,0,0,0,0,0,0,2,0,0,0,0,0,0,1,0,0,0,0,0,0,1,0,0,0,0,1,0
917237:0,0,1,4,12,13,15,7,7,8,8,12,11,15,21,12,14,10,19,16,12,14,13,17,22,18,13,10,11,14,11,12,19,9,15,12,12,18,10,10,17,8,12,15,13,9,13,23,10,14,9,10,15,13,17,9,11,11,13,16,17,15,24,9,3,3,3,1,1,3,3,0,1,0,4,2,0,1,0,1,1,0,1,0,1,1,1,0,1,1,1,1,2,0,0,0,0,0,1,2,0,2,0,0,1,0,1,1,0,0,1,2,0
917238:0,0,4,5,5,10,5,5,4,5,15,7,5,4,9,9,4,7,3,4,7,15,5,6,7,3,3,7,5,5,7,7,6,9,7,2,5,5,6,1,6,2,8,4,4,7,8,11,8,4,4,5,5,6,8,1,1,8,9,9,8,8,2,2,0,1,1,0,0,0,0,1,1,0,2,0,0,0,0,0,0,0,0,0,0,0,0,0,1,0,0,0,2,0,0,0,0,0,0,0,0,0,1,1,0,0,0,0,0,1,1,2,0
917239:0,0,0,6,3,2,5,1,7,2,8,6,8,6,3,9,2,7,5,3,3,9,5,3,4,7,0,7,3,5,5,7,6,7,5,2,3,4,4,4,7,1,3,2,3,4,5,6,9,9,2,3,3,3,5,4,1,4,2,2,8,7,3,2,0,0,0,1,0,0,0,0,0,0,0,0,0,0,0,0,0,0,0,0,0,0,0,0,0,0,0,0,1,0,0,0,0,0,0,0,0,0,0,0,0,0,0,0,0,0,0,1,0
17144:0,0,1,1,2,2,1,1,0,1,1,2,0,1,1,2,3,1,0,0,1,0,2,3,4,0,0,2,1,0,2,3,2,5,1,1,1,1,2,1,1,6,1,0,2,2,2,3,2,3,1,1,1,3,2,1,2,0,2,3,0,0,0,0,0,0,0,0,0,0,0,0,0,0,0,0,0,0,0,0,0,0,0,0,0,0,0,0,0,0,0,0,0,0,0,0,0,0,0,0,0,0,0,0,0,0,0,0,0,0,0,0,0
917241:0,0,0,6,6,0,3,1,10,4,2,4,2,4,2,5,2,7,5,3,3,4,2,3,4,5,6,4,1,5,5,6,5,1,0,4,6,2,2,1,6,3,3,1,7,5,2,10,2,5,4,3,4,5,3,3,1,1,4,3,4,7,3,2,0,0,0,0,0,0,0,0,0,0,0,0,0,1,0,0,0,0,0,0,0,0,0,1,1,0,0,0,0,2,0,1,0,0,0,0,1,0,0,0,0,0,0,1,0,0,0,2,0
917242:0,0,1,5,3,3,7,1,9,4,6,12,8,5,6,8,3,7,5,4,5,3,11,8,7,13,4,4,10,8,5,6,5,8,11,7,4,3,7,5,6,4,10,2,4,5,4,6,12,8,3,3,5,4,5,8,4,4,5,5,10,10,5,5,0,0,2,1,0,0,0,0,1,0,0,0,0,1,0,0,1,0,0,0,0,0,0,0,0,0,0,1,0,0,0,0,0,1,0,0,0,0,0,0,0,0,0,0,0,0,0,0,0
917243:0,0,0,3,0,2,3,1,8,3,4,9,6,5,2,2,7,6,3,2,1,6,7,6,4,3,8,2,7,8,3,3,6,3,6,3,2,2,8,7,2,6,6,3,2,7,1,2,4,12,1,6,3,7,2,2,4,2,6,3,5,8,4,2,0,0,0,1,0,0,0,0,1,0,0,0,0,1,0,0,0,0,0,0,0,0,0,0,0,0,0,1,0,0,0,0,0,0,0,0,0,0,0,0,0,0,0,0,0,0,0,0,0
917546:0,0,4,11,20,16,18,20,26,17,13,15,16,11,24,23,25,21,21,21,18,16,31,13,22,17,20,21,16,19,11,24,20,14,21,25,10,28,15,19,14,22,20,22,16,18,26,17,23,24,17,15,16,26,20,25,15,22,17,18,23,21,24,13,14,7,0,0,6,3,2,4,5,1,2,6,3,1,0,0,0,0,0,0,0,0,0,0,0,0,0,0,0,0,0,0,0,0,0,0,0,0,1,0,0,0,0,0,0,0,0,0,0
917184:0,0,0,0,0,0,0,0,0,0,0,0,0,0,0,0,0,0,1,2,1,0,0,0,1,0,1,0,0,0,0,0,0,0,0,2,0,1,0,1,0,0,1,0,1,1,0,0,0,0,0,2,0,0,0,0,0,1,0,0,1,1,0,0,0,0,0,0,0,0,0,0,0,0,0,0,0,0,0,0,0,0,0,0,0,0,0,0,0,0,0,0,0,0,0,0,0,0,0,0,0,0,0,0,0,0,0,0,0,0,0,0,0
17621:0,0,0,4,5,14,4,1,4,13,3,7,7,10,5,9,10,6,6,4,7,9,9,5,7,5,3,5,6,6,3,9,10,8,8,4,4,6,6,7,12,6,5,9,8,10,9,10,6,10,9,5,3,10,6,6,5,3,3,4,8,9,3,3,1,1,0,3,0,1,1,1,0,0,0,0,1,1,0,0,0,0,0,0,0,0,0,0,0,1,0,0,1,0,0,0,0,0,1,0,0,0,0,0,0,0,0,0,0,0,0,0,0
17654:0,0,0,0,0,0,0,0,0,0,0,0,0,0,0,0,0,0,0,0,0,0,0,0,0,0,0,0,0,0,0,0,0,0,0,0,0,0,0,0,0,0,0,0,0,0,0,0,0,0,0,0,0,0,0,0,0,0,0,0,0,0,0,0,0,0,0,0,0,0,0,0,0,0,0,0,0,0,0,0,0,0,0,0,0,0,0,0,0,0,0,0,0,0,0,0,0,0,0,0,0,0,0,0,0,0,0,0,0,0,0,0,0
17155:0,0,0,1,1,0,0,1,1,0,0,1,1,0,0,3,1,1,0,1,1,0,1,0,0,0,0,0,0,1,1,1,0,0,1,0,0,0,1,0,1,1,1,0,0,0,1,0,0,2,1,0,0,0,0,2,2,2,0,1,0,2,0,0,0,0,0,0,0,0,0,0,0,0,0,0,0,0,0,0,0,0,0,0,0,0,0,0,0,0,0,0,0,0,0,0,0,0,0,0,0,0,0,0,0,0,0,0,0,0,0,0,0
17620:0,0,0,1,7,4,5,3,5,9,5,5,3,4,5,7,8,5,3,5,3,4,8,9,2,1,7,4,0,8,2,3,6,5,4,5,3,5,6,8,2,5,3,3,8,6,8,8,6,1,6,7,3,4,3,4,4,2,3,6,4,10,4,2,0,0,0,1,0,1,0,0,1,0,0,0,1,0,0,0,0,0,0,0,0,0,0,0,0,0,0,0,0,1,0,0,0,0,0,0,0,0,0,0,0,0,0,0,0,0,0,0,0
17110:0,0,5,0,14,10,5,6,6,9,7,10,9,7,10,7,3,10,4,5,10,8,8,7,2,8,8,7,6,8,4,10,9,12,6,4,6,8,7,12,9,9,8,5,10,9,3,6,11,6,5,5,8,4,7,5,11,8,3,6,6,3,5,1,1,0,0,0,0,0,0,0,0,0,0,0,0,0,0,0,0,0,0,0,0,0,1,0,0,0,0,0,0,0,0,0,0,0,0,0,1,0,0,0,0,0,0,0,0,0,0,0,0
17158:0,0,0,1,1,6,6,5,4,10,11,7,5,5,5,8,5,2,3,5,5,3,5,6,12,9,4,9,5,3,2,6,3,5,6,5,9,10,5,7,2,9,3,6,6,2,2,5,3,5,4,4,4,6,3,2,7,5,9,6,10,3,8,4,5,4,1,0,0,0,0,0,0,0,0,0,0,0,0,0,0,0,0,0,0,0,0,0,0,0,0,0,0,0,0,0,0,0,0,0,0,0,0,0,0,0,0,0,0,0,0,0,0
17159:0,0,0,4,10,11,14,7,17,13,11,8,11,14,10,15,5,13,8,9,8,4,9,14,13,10,12,10,8,11,17,12,12,11,13,13,10,13,15,11,10,13,6,10,10,5,16,13,12,13,9,10,13,13,10,12,18,17,7,14,10,11,9,10,6,2,3,0,1,0,1,0,0,2,1,0,1,0,0,0,0,0,0,0,0,0,0,0,0,0,0,0,0,0,0,0,0,0,0,0,0,0,0,0,0,0,0,0,0,0,0,0,0
17160:0,0,4,6,11,6,10,7,9,11,12,10,9,7,6,8,3,7,8,6,3,9,8,11,8,10,15,12,9,10,10,14,2,10,5,9,7,12,9,8,9,4,8,11,5,9,9,10,10,8,13,8,9,12,8,7,11,5,11,8,5,5,5,0,1,0,0,0,0,0,0,0,0,0,0,0,0,0,0,0,0,0,0,0,0,0,0,0,0,0,0,0,0,0,0,0,0,0,0,0,0,0,0,0,0,0,0,0,0,0,0,0,0
17162:0,0,1,7,11,15,11,11,16,16,12,13,10,12,10,14,13,12,8,11,7,8,13,15,10,11,17,9,11,11,17,13,10,9,16,13,16,13,14,14,8,14,8,14,9,15,9,11,15,16,12,12,16,17,13,18,11,16,19,13,11,15,15,6,2,1,3,0,1,0,1,0,1,2,0,0,1,0,0,0,0,0,0,0,0,0,0,0,0,0,0,0,0,0,0,0,0,0,0,0,0,0,0,0,0,0,0,0,0,0,0,0,0
17163:0,0,4,8,9,12,10,11,8,16,10,9,9,10,9,10,14,8,8,10,5,12,11,16,12,9,15,12,12,7,11,9,9,10,11,11,9,10,12,12,8,4,8,9,10,11,7,4,18,15,5,10,9,9,7,17,11,13,13,10,10,18,11,7,2,2,0,0,0,0,1,0,0,0,1,1,0,1,0,1,0,0,0,0,0,0,0,1,0,0,0,0,1,0,0,0,0,0,0,0,0,1,0,0,0,1,0,2,0,0,0,2,0
17164:0,0,7,9,13,20,16,10,10,17,20,22,17,13,17,22,15,18,18,8,21,19,22,16,23,13,20,20,19,17,10,16,18,24,23,21,11,15,17,15,13,10,22,17,28,15,18,15,19,21,24,13,14,15,14,20,21,17,21,21,22,23,12,2,0,0,0,0,0,0,1,0,0,0,0,0,0,0,0,0,0,0,0,0,0,0,0,0,0,0,0,0,0,0,0,0,0,0,0,0,0,0,0,0,0,0,0,0,0,0,0,0,0
17166:0,0,2,4,10,12,13,10,4,9,11,9,4,11,13,14,10,9,11,12,8,8,13,15,13,13,11,14,13,9,9,5,9,15,16,11,6,10,10,9,9,6,9,10,8,10,6,9,13,6,7,7,14,9,8,14,9,15,10,11,16,13,11,7,3,1,0,1,0,1,1,0,0,0,3,1,0,0,0,1,0,0,0,0,0,0,0,1,0,1,0,1,1,0,0,0,0,0,1,0,0,2,0,0,1,0,0,2,0,0,0,2,0
17167:0,0,2,3,8,6,4,2,4,7,1,8,4,5,2,5,2,7,3,2,1,4,4,4,5,2,7,10,2,1,2,6,7,6,5,2,3,3,3,5,6,4,1,6,2,6,3,2,6,3,2,3,7,5,4,3,5,3,1,3,11,3,3,1,1,0,0,0,0,0,0,0,0,0,0,0,0,0,0,0,0,0,0,0,0,0,0,0,0,0,0,0,0,0,0,0,0,0,0,0,0,0,0,0,0,0,0,0,0,0,0,0,0
17168:0,0,2,3,12,7,3,6,7,6,2,7,6,9,11,4,4,10,5,5,7,8,7,4,6,6,10,6,7,8,6,9,7,5,8,3,6,4,8,6,5,11,9,7,7,11,3,7,3,9,4,5,4,7,5,6,9,5,4,6,4,1,2,1,0,0,0,0,0,0,0,0,0,0,0,0,0,0,0,0,0,0,0,0,0,0,0,0,0,0,0,0,0,0,0,0,0,0,0,0,0,0,0,0,0,0,0,0,0,0,0,0,0
17624:0,0,1,6,6,16,9,9,14,10,4,12,12,11,12,12,11,11,8,11,16,13,10,11,7,4,6,8,14,8,8,14,15,8,13,11,6,8,12,15,11,7,9,9,8,9,10,18,5,16,12,9,7,10,7,8,7,7,7,7,8,10,5,4,1,1,5,1,2,2,2,1,1,0,1,1,3,5,0,1,1,1,1,0,0,1,0,0,0,1,0,1,1,0,0,0,0,1,1,1,1,0,0,0,0,0,0,0,0,0,0,0,0
17170:0,0,1,5,7,0,2,1,3,4,3,3,1,2,1,3,4,6,1,1,1,3,2,5,5,3,6,4,1,2,3,7,3,1,5,2,3,0,2,1,4,3,4,2,2,5,3,5,3,3,2,4,2,4,3,2,3,1,2,6,2,1,1,1,0,0,0,0,0,0,0,0,0,0,0,0,0,0,0,0,0,0,0,0,0,0,0,0,0,0,0,0,0,0,0,0,0,0,0,0,0,0,0,0,0,0,0,0,0,0,0,0,0
17171:0,0,2,2,0,0,2,0,0,2,1,1,1,1,1,1,2,1,1,0,2,0,2,3,3,0,0,1,0,1,1,2,0,4,2,2,1,0,1,0,3,2,2,0,2,1,2,3,0,1,1,2,0,2,2,1,2,1,0,3,1,0,0,0,0,0,0,0,0,0,0,0,0,0,0,0,0,0,0,0,0,0,0,0,0,0,0,0,0,0,0,0,0,0,0,0,0,0,0,0,0,0,0,0,0,0,0,0,0,0,0,0,0
17172:0,0,3,2,5,3,3,4,1,7,2,5,2,2,1,2,5,5,5,4,1,4,4,4,4,2,2,9,3,5,4,4,5,6,6,4,5,2,6,2,4,3,7,0,5,4,4,5,3,8,3,8,4,9,1,4,3,1,6,3,7,3,1,0,0,0,0,0,0,0,0,0,0,0,0,0,0,0,0,0,0,0,0,0,0,0,0,0,0,0,0,0,0,0,0,0,0,0,0,0,0,0,0,0,0,0,0,0,0,0,0,0,0
17173:0,0,3,3,3,1,3,2,0,4,1,4,1,2,1,2,6,2,3,2,2,0,2,6,6,0,0,2,0,4,2,4,1,8,4,3,3,1,1,3,2,6,4,0,3,2,6,3,1,4,2,5,2,5,3,1,4,1,1,6,1,1,0,0,0,0,0,0,0,0,0,0,0,0,0,0,0,0,0,0,0,0,0,0,0,0,0,0,0,0,0,0,0,0,0,0,0,0,0,0,0,0,0,0,0,0,0,0,0,0,0,0,0
940310:0,0,0,0,0,0,0,0,0,0,0,0,0,0,0,0,0,0,0,0,0,0,0,0,0,0,0,0,0,0,0,0,0,0,0,0,0,0,0,0,0,0,0,0,0,0,0,0,0,0,0,0,0,0,0,0,0,0,0,0,0,0,0,0,0,0,0,0,0,0,0,0,0,0,0,0,0,0,0,0,0,0,0,0,0,0,0,0,0,0,0,0,0,0,0,0,0,0,0,0,0,0,0,0,0,0,0,0,0,0,0,0,0
940311:0,0,0,0,0,0,0,0,0,0,0,0,0,0,0,0,0,0,0,0,0,0,0,0,0,0,0,0,0,0,0,0,0,0,0,0,0,0,0,0,0,0,0,0,0,0,0,0,0,0,0,0,0,0,0,0,0,0,0,0,0,0,0,0,0,0,0,0,0,0,0,0,0,0,0,0,0,0,0,0,0,0,0,0,0,0,0,0,0,0,0,0,0,0,0,0,0,0,0,0,0,0,0,0,0,0,0,0,0,0,0,0,0
17626:0,0,1,2,4,3,4,2,5,0,5,8,6,8,4,6,9,5,7,2,6,9,2,12,9,6,7,8,12,8,5,5,6,7,10,2,2,4,7,7,7,8,3,7,8,3,8,6,7,3,8,8,9,7,10,9,2,10,4,2,3,5,4,4,2,3,3,2,1,0,1,0,0,1,0,0,0,5,1,1,1,2,2,0,1,1,2,0,1,0,1,1,0,1,1,0,0,2,2,1,2,0,1,0,1,0,0,0,0,0,0,0,0
17183:0,1,1,3,1,1,1,0,1,1,2,2,0,1,2,1,2,1,1,4,1,0,0,0,1,0,1,2,0,1,3,0,2,1,1,0,0,1,0,1,0,2,2,2,2,2,0,0,1,2,2,0,2,0,0,0,0,2,3,2,1,0,0,0,0,0,0,0,0,0,0,0,0,0,0,0,0,0,0,0,0,0,0,0,0,0,0,0,0,0,0,0,0,0,0,0,0,0,0,0,0,0,0,0,0,0,0,0,0,0,0,0,0
17184:0,0,2,4,2,5,3,3,3,5,2,8,5,3,5,3,4,1,3,5,5,2,1,2,3,3,8,4,4,3,4,3,7,4,1,2,5,4,4,3,2,5,4,3,2,3,0,2,4,3,2,1,4,0,3,2,2,6,3,6,3,2,3,1,0,0,0,0,0,0,0,0,0,0,0,0,0,0,0,0,0,0,0,0,0,0,0,0,0,0,0,0,0,0,0,0,0,0,0,0,0,0,0,0,0,0,0,0,0,0,0,0,0
17706:0,0,2,6,8,17,16,19,8,13,10,7,10,11,12,12,16,15,8,10,9,19,19,17,11,4,16,11,14,10,9,10,14,16,10,12,5,11,11,16,8,10,7,18,15,12,12,18,13,13,13,11,20,21,16,12,11,7,23,19,11,13,7,11,2,1,1,1,0,0,0,0,1,0,1,0,0,1,1,0,0,0,0,1,1,0,0,1,1,1,0,1,0,0,1,0,0,0,0,1,0,0,3,0,0,0,0,0,1,0,0,0,0
917895:0,0,1,2,1,0,0,3,0,1,2,0,2,0,0,1,0,1,1,1,2,2,0,3,0,2,0,0,1,0,2,0,3,3,1,1,0,0,1,1,0,5,0,0,1,0,2,0,0,1,1,2,0,1,1,0,0,1,0,1,1,0,0,0,0,0,0,0,0,0,0,0,0,0,0,0,0,0,0,0,0,0,0,0,0,0,0,0,0,0,0,0,0,0,0,0,0,0,0,0,0,0,0,0,0,0,0,0,0,0,0,0,0
17708:0,0,1,5,10,9,15,12,10,8,5,5,9,9,11,9,13,12,6,10,6,17,11,10,8,7,8,12,9,9,9,5,13,13,9,11,2,10,10,10,5,6,6,11,14,12,10,11,12,11,9,9,13,15,14,11,9,5,17,17,6,9,7,9,1,0,0,0,0,0,0,0,0,0,0,0,0,0,0,0,0,0,0,0,0,0,0,0,0,0,0,0,0,0,0,0,0,0,0,0,0,0,0,0,0,0,0,0,0,0,0,0,0
17710:0,0,0,1,3,4,3,8,6,2,7,0,3,3,7,8,2,2,6,2,3,5,3,3,1,2,1,4,4,3,7,3,5,4,3,1,2,4,3,1,3,1,1,6,5,1,9,3,5,4,5,3,4,6,2,8,2,2,4,6,3,3,1,0,0,0,0,0,0,0,0,0,0,0,0,0,0,0,0,0,0,0,0,0,0,0,0,0,0,0,0,0,0,0,0,0,0,0,0,0,0,0,0,0,0,0,0,0,0,0,0,0,0
17711:0,0,0,1,0,2,1,0,1,0,0,2,1,2,0,3,1,1,2,1,0,1,4,1,2,0,2,0,1,0,2,2,3,0,1,1,2,2,2,1,1,2,0,1,0,2,2,4,3,3,1,2,2,1,0,0,2,0,3,1,2,1,0,0,0,0,1,2,1,3,0,1,0,3,0,0,0,0,1,0,0,1,0,2,2,0,1,0,0,0,0,0,0,0,1,0,0,0,1,1,0,1,1,1,1,0,0,0,0,1,1,0,0
17712:0,0,3,3,6,5,5,3,3,3,2,1,4,5,5,7,4,4,3,3,4,2,0,3,2,2,1,4,2,7,2,7,4,2,3,2,7,5,4,1,5,3,6,5,1,1,4,1,7,5,2,0,3,4,8,4,3,0,3,4,3,2,2,0,0,0,0,0,0,0,0,0,0,0,0,0,0,0,0,0,0,0,0,0,0,0,0,0,0,0,0,0,0,0,0,0,0,0,0,0,0,0,0,0,0,0,0,0,0,0,0,0,0
17713:0,0,3,11,8,11,9,8,7,8,7,11,12,7,6,13,8,6,1,7,12,5,4,6,4,12,7,4,11,8,3,6,8,2,9,6,11,8,9,5,8,7,7,7,6,8,8,11,5,18,7,6,5,12,12,12,6,1,1,12,3,7,9,2,1,1,0,0,3,0,1,1,2,2,0,0,0,2,1,0,1,0,1,0,1,2,0,0,2,1,2,1,1,1,0,1,1,1,3,1,1,1,0,2,2,0,0,1,1,1,1,0,0
17714:0,0,2,5,2,2,1,3,1,3,1,2,3,1,4,2,6,0,3,2,2,1,1,3,1,2,2,4,0,2,1,5,2,3,2,2,8,1,2,3,3,6,5,3,1,4,2,1,3,1,1,1,1,6,6,4,2,0,4,1,1,3,0,0,0,0,0,0,0,0,0,0,0,0,0,0,0,0,0,0,0,0,0,0,0,0,0,0,0,0,0,0,0,0,0,0,0,0,0,0,0,0,0,0,0,0,0,0,0,0,0,0,0
17715:0,0,2,4,2,4,4,3,6,3,10,4,2,2,4,7,8,4,4,2,6,8,3,2,1,4,3,4,3,5,6,5,4,4,6,2,9,3,10,8,4,8,3,3,1,6,6,5,6,3,3,3,5,7,2,2,5,5,4,7,2,6,8,3,0,0,0,1,1,0,1,0,1,2,2,1,2,0,1,0,0,0,0,0,1,0,0,0,1,0,0,0,0,1,2,1,1,0,0,0,1,2,0,0,1,0,0,0,0,0,0,2,0
17716:0,0,0,0,1,1,0,1,0,0,0,4,2,0,2,3,1,2,1,0,0,0,1,0,2,0,1,0,2,3,2,2,0,0,1,1,3,0,2,0,0,2,3,1,1,0,0,0,3,0,1,0,1,2,2,1,0,1,1,3,1,1,2,0,1,0,0,0,0,0,0,1,0,0,0,0,0,0,1,0,1,0,0,0,0,0,0,0,1,0,1,1,0,0,0,0,0,0,0,0,0,1,0,0,0,0,0,0,0,1,0,1,0
17717:0,0,2,5,2,1,1,4,0,5,2,2,2,1,3,1,3,1,3,6,1,2,1,5,0,2,2,3,0,0,1,4,3,3,1,5,2,2,2,1,2,5,1,5,1,4,2,1,1,1,1,1,4,6,6,2,2,0,3,1,1,2,0,0,0,0,0,0,0,0,0,0,0,0,0,0,0,0,0,0,0,0,0,0,0,0,0,0,0,0,0,0,0,0,0,0,0,0,0,0,0,0,0,0,0,0,0,0,0,0,0,0,0
917302:0,0,4,5,2,2,7,3,9,3,2,5,2,7,6,2,6,8,4,3,2,7,5,10,4,6,2,5,4,6,6,8,5,5,9,0,0,2,2,6,3,3,2,6,2,5,4,1,3,9,6,4,3,4,6,6,4,3,4,4,8,3,6,2,0,0,0,0,0,1,0,0,0,0,0,0,0,0,0,0,0,0,0,0,0,0,1,0,0,0,0,0,0,0,0,0,0,1,0,1,0,0,0,0,0,0,0,0,0,0,1,0,0
17707:0,0,0,0,3,5,7,6,2,6,1,2,2,2,4,5,10,0,1,2,3,2,5,8,6,2,5,3,5,3,4,1,6,2,1,7,4,4,7,2,4,5,5,5,4,2,3,6,1,3,8,3,7,2,8,4,1,2,5,5,4,5,0,1,1,0,1,0,0,0,0,0,0,0,1,0,0,0,0,0,0,0,0,1,1,0,0,0,1,1,0,0,0,0,0,0,0,0,0,0,0,0,1,0,0,0,0,0,0,0,0,0,0
17211:0,0,0,0,0,1,0,1,2,1,1,0,1,0,0,0,0,1,2,1,1,0,0,1,1,2,0,0,1,1,1,1,0,1,0,1,0,0,0,0,0,2,0,0,0,2,1,1,0,0,1,2,0,0,0,0,0,1,0,0,1,5,0,0,0,0,0,0,0,0,0,0,0,0,0,0,0,0,0,0,0,0,0,0,0,0,0,0,0,0,0,0,0,0,0,0,0,0,0,0,0,0,0,0,0,0,0,0,0,0,0,0,0
917823:0,0,0,3,1,2,0,3,1,2,1,1,1,3,0,5,1,2,1,1,0,0,3,3,3,0,1,3,2,0,2,4,2,2,0,2,2,2,1,7,3,3,2,1,2,2,2,5,4,2,2,4,2,1,0,0,3,3,2,1,5,4,0,0,0,0,0,2,0,3,1,1,0,2,0,0,0,0,1,0,0,1,0,2,2,0,0,1,0,0,0,0,0,0,1,0,0,0,1,1,0,1,1,1,0,0,0,0,0,0,0,0,0
917824:0,0,1,7,7,8,3,10,3,4,4,7,8,6,8,11,7,8,5,9,9,8,2,8,9,2,10,8,4,4,4,13,9,4,9,6,5,8,7,7,6,5,9,9,3,4,7,8,8,8,6,12,7,6,6,4,9,13,9,6,6,12,4,0,0,0,0,0,0,0,0,0,0,0,0,0,0,0,0,0,0,0,0,0,0,0,0,0,0,0,0,0,0,0,0,0,0,0,0,1,0,0,0,0,0,0,0,0,0,0,0,0,0
917825:0,0,0,2,4,5,3,3,2,0,1,4,5,4,2,3,4,4,1,1,1,2,2,5,2,2,1,2,4,1,3,1,2,3,3,3,5,3,4,5,5,6,2,3,2,3,6,5,7,4,3,5,5,4,3,3,3,1,1,4,1,3,1,1,0,0,0,1,1,3,0,1,1,1,1,0,0,1,0,0,0,0,0,1,2,1,0,1,0,1,1,1,0,1,1,1,1,1,1,2,1,1,1,0,2,0,0,0,0,0,0,0,0
917826:0,0,8,8,9,6,9,7,10,3,7,2,5,5,14,8,3,3,9,11,10,8,6,4,6,8,5,4,9,4,7,10,3,9,4,5,3,10,12,9,5,4,7,10,11,7,5,3,8,7,8,5,6,4,9,8,12,9,5,5,13,13,2,0,0,0,0,0,0,0,0,0,0,0,0,0,0,0,0,0,0,0,0,0,0,0,0,0,0,0,0,0,0,0,0,0,0,0,0,0,0,0,0,0,0,0,0,0,0,0,0,0,0
917827:0,0,0,2,3,5,4,5,3,1,4,3,4,3,3,6,8,4,1,3,1,2,7,5,4,2,4,1,3,2,2,5,2,4,7,4,3,3,10,6,4,8,3,2,4,5,8,6,7,4,2,6,6,3,5,3,5,5,2,9,1,5,4,1,1,0,0,0,2,1,1,1,2,1,1,0,1,1,1,0,0,0,0,1,1,2,0,0,1,1,0,1,0,0,3,1,1,1,0,1,2,1,0,0,2,0,0,0,0,0,0,1,0
917828:0,0,0,3,1,1,2,2,2,0,2,1,3,1,0,2,1,0,2,1,3,0,3,2,3,0,0,1,4,3,2,4,1,0,3,1,1,4,0,0,4,0,1,2,2,3,1,2,1,1,1,1,2,1,2,4,5,0,0,0,4,1,4,0,0,0,0,0,0,0,0,0,0,0,0,0,0,0,0,0,0,0,0,0,0,0,0,0,0,0,0,0,0,0,0,0,0,0,0,0,0,0,0,0,0,0,0,0,0,0,0,0,0
17221:0,0,0,0,0,0,0,0,0,0,0,0,0,0,0,0,0,0,0,0,0,0,0,0,0,0,0,0,0,0,0,0,0,0,0,0,0,0,0,0,0,0,0,0,0,0,0,0,0,0,0,0,0,0,0,0,0,0,0,0,0,0,0,0,0,0,0,0,0,0,0,0,0,0,0,0,0,0,0,0,0,0,0,0,0,0,0,0,0,0,0,0,0,0,0,0,0,0,0,0,0,0,0,0,0,0,0,0,0,0,0,0,0
917320:0,0,0,3,5,7,7,8,11,9,6,13,7,5,10,8,10,5,8,2,8,7,6,9,9,10,6,8,11,11,5,4,5,9,8,6,8,9,7,9,11,8,7,1,5,5,4,9,11,4,6,6,5,10,12,4,6,8,14,10,10,12,13,9,5,2,0,0,1,0,0,0,1,0,0,0,1,0,0,0,0,0,0,0,0,0,1,0,0,0,0,0,0,2,0,0,0,0,0,0,0,0,0,0,0,0,0,0,0,0,0,0,0
917324:0,0,8,12,19,16,20,14,29,29,21,17,18,15,7,19,24,19,16,15,16,29,16,23,14,19,16,22,21,21,19,15,26,19,14,22,17,15,19,19,23,19,22,15,22,10,22,25,20,29,21,20,11,20,33,25,22,24,19,19,13,22,23,14,12,7,1,0,2,4,1,2,2,4,1,1,3,3,0,0,0,0,0,0,0,0,0,0,0,0,0,0,0,0,0,0,0,0,0,0,0,0,0,0,0,0,0,0,0,0,0,0,0
17541:0,0,0,0,0,0,0,0,0,0,0,0,0,0,0,0,0,0,0,0,0,0,0,0,0,0,0,0,0,0,0,0,0,0,0,0,0,0,0,0,0,0,0,0,0,0,0,0,0,0,0,0,0,0,0,0,0,0,0,0,0,0,0,0,0,0,0,0,0,0,0,0,0,0,0,0,0,0,0,0,0,0,0,0,0,0,0,0,0,0,0,0,0,0,0,0,0,0,0,0,0,0,0,0,0,0,0,0,0,0,0,0,0
17231:0,0,2,3,3,1,3,5,6,4,1,4,5,6,6,1,4,3,1,5,3,2,9,4,3,3,4,8,4,3,7,3,7,1,4,2,3,2,3,5,4,3,4,5,2,1,3,5,1,6,4,2,3,5,3,7,4,6,5,1,1,1,2,0,0,0,0,0,0,0,0,0,0,0,0,0,0,0,0,0,0,0,0,0,0,0,0,0,0,0,0,0,0,0,0,0,0,0,0,0,0,0,0,0,0,0,0,0,0,0,0,0,0
917328:0,0,5,5,14,9,10,6,7,7,13,7,4,19,14,10,7,12,13,11,12,12,6,16,14,15,8,13,9,7,11,6,17,6,18,10,6,10,9,15,6,5,16,16,6,14,22,12,13,10,2,15,17,10,16,8,11,15,12,16,11,18,15,11,3,3,5,1,1,3,3,0,1,1,5,2,0,0,1,1,1,0,1,0,1,1,1,2,1,0,1,1,4,1,1,0,1,1,0,2,1,2,1,2,1,1,2,0,0,2,4,2,0
917183:0,0,0,0,0,0,0,0,0,0,0,0,0,0,0,0,0,0,0,0,0,0,0,0,0,0,0,0,0,0,0,0,0,0,0,0,0,0,0,0,0,0,0,0,0,0,0,0,0,0,0,0,0,0,0,0,0,0,0,0,0,0,0,0,0,0,0,0,0,0,0,0,0,0,0,0,0,0,0,0,0,0,0,0,0,0,0,0,0,0,0,0,0,0,0,0,0,0,0,0,0,0,0,0,0,0,0,0,0,0,0,0,0
17234:0,0,3,0,4,3,4,4,4,3,3,5,7,5,9,2,6,3,2,7,2,2,5,4,7,1,11,8,5,5,4,3,3,4,6,6,3,6,7,2,4,6,7,5,4,2,4,9,2,7,7,3,6,1,2,3,3,6,4,2,6,7,0,0,0,1,0,0,0,0,0,0,0,0,0,0,0,0,0,0,0,0,0,0,0,0,0,0,0,0,0,0,0,0,0,0,0,0,0,0,0,0,0,0,0,0,0,0,0,0,0,0,0
17235:0,1,3,10,14,12,10,4,9,11,13,15,7,14,10,7,7,5,15,11,10,7,11,8,10,11,10,11,8,11,12,10,11,6,15,15,3,7,8,9,11,15,8,14,3,9,13,7,13,12,12,9,6,12,6,4,13,12,8,8,8,13,8,8,2,1,0,0,0,0,0,0,0,0,0,0,0,0,0,1,0,0,0,0,0,0,0,0,0,0,0,0,0,1,1,0,1,0,0,0,1,0,0,1,0,1,0,0,0,1,0,0,0
917332:0,0,3,10,3,5,9,11,5,8,10,8,5,4,8,9,5,12,7,8,6,9,9,12,12,10,7,9,7,12,6,9,5,8,8,7,11,10,6,13,6,6,9,8,9,7,9,12,7,8,10,7,8,6,8,8,5,8,9,11,7,12,6,4,1,0,2,0,0,0,0,0,1,0,0,0,1,1,0,0,1,0,0,0,0,0,1,1,0,0,1,0,0,1,0,1,0,1,0,0,1,0,0,0,0,0,0,1,0,0,0,1,0
17749:0,0,0,0,0,2,1,2,4,3,5,3,2,1,2,4,5,2,7,1,2,3,3,1,4,2,0,2,5,3,2,2,3,2,1,3,3,2,2,1,5,3,2,2,2,3,1,3,7,3,2,2,2,4,1,0,4,2,2,5,1,4,1,1,0,1,1,1,0,1,0,1,0,1,0,0,0,0,1,0,1,1,1,0,0,0,0,0,0,0,0,0,0,0,0,0,0,0,0,1,0,0,0,0,0,0,0,0,0,0,0,0,0
17238:0,0,2,11,14,6,12,6,12,9,11,10,11,15,12,10,10,8,11,12,8,10,13,8,17,14,10,9,11,8,12,10,13,10,14,8,9,15,6,12,11,12,9,11,6,11,14,7,9,12,12,6,8,5,8,14,11,8,11,4,11,13,9,3,1,0,0,0,0,0,0,0,0,0,0,0,0,0,0,0,0,0,0,0,0,0,0,0,0,0,0,0,0,0,0,0,0,0,0,0,0,0,0,0,0,0,0,0,0,0,0,0,0
17239:0,0,1,11,7,7,5,11,7,5,8,12,9,10,4,10,6,9,4,7,8,5,10,12,15,9,6,6,10,11,5,5,10,9,11,4,8,11,6,9,10,7,6,9,5,11,8,8,10,9,9,9,7,8,5,9,9,6,6,9,8,10,5,3,1,0,0,0,0,0,0,0,0,0,0,0,0,0,0,0,0,0,0,0,0,0,0,0,0,0,0,0,0,0,0,0,0,0,0,0,0,0,0,0,0,0,0,0,0,0,0,0,0
17240:0,0,2,5,7,7,5,9,1,6,9,2,7,2,8,7,3,3,5,1,6,11,7,2,6,8,8,7,5,7,5,3,3,5,4,3,5,8,5,2,3,5,9,9,1,8,11,2,7,6,6,6,5,6,7,3,1,11,10,6,5,5,1,0,0,0,1,0,0,0,0,0,1,0,1,1,0,0,0,0,0,0,0,0,0,0,0,0,0,0,0,0,1,0,0,0,0,0,0,0,0,0,0,2,0,0,0,0,0,1,0,0,0
17242:0,0,0,7,5,4,2,7,9,5,1,5,7,6,5,2,2,6,3,4,3,5,9,9,7,2,5,5,7,4,4,3,6,5,6,10,3,2,2,5,5,4,6,2,2,7,2,4,6,6,5,8,6,2,5,6,2,2,4,4,5,9,2,2,0,0,0,0,0,0,0,0,0,0,0,0,0,0,0,0,0,0,0,0,0,0,0,0,0,0,0,0,0,0,0,0,0,0,0,0,0,0,0,0,0,0,0,0,0,0,0,0,0
17243:0,0,1,5,3,2,2,6,4,4,3,3,4,5,4,2,3,4,3,4,3,6,4,5,5,3,4,3,4,4,4,4,4,5,2,7,0,1,1,3,3,3,2,3,2,4,3,2,2,2,4,8,3,1,4,4,2,2,6,1,5,8,2,1,0,0,0,0,0,0,0,0,0,0,0,0,0,0,0,0,0,0,0,0,0,0,0,0,0,0,0,0,0,0,0,0,0,0,0,0,0,0,0,0,0,0,0,0,0,0,0,0,0
17244:0,0,4,5,4,5,8,0,2,7,2,9,6,1,4,4,7,6,3,6,1,2,4,6,10,5,6,10,5,3,8,5,7,6,6,6,4,5,3,1,5,3,6,5,3,6,6,6,7,5,5,4,5,6,4,7,2,0,8,4,7,8,1,4,2,0,0,2,0,0,0,0,0,0,0,0,0,0,0,0,1,0,0,0,0,0,0,0,0,0,0,0,0,0,0,0,0,0,1,0,0,0,0,0,0,0,0,0,0,0,0,0,0
17893:0,0,0,0,6,1,2,6,3,2,1,2,1,0,0,3,2,2,1,3,6,3,2,0,5,5,3,2,1,2,1,2,6,4,1,2,2,3,2,4,5,0,4,1,3,3,5,2,1,3,3,4,0,4,2,5,1,6,0,2,1,2,4,3,0,0,0,0,0,0,0,0,0,0,0,0,0,0,0,0,0,0,0,0,0,0,0,0,0,0,0,0,0,0,0,0,0,0,0,0,0,0,0,0,0,0,0,0,0,0,0,0,0
917861:0,0,0,1,2,0,2,0,0,0,0,0,0,1,0,0,0,1,0,0,1,0,0,0,0,1,0,2,1,0,1,2,0,0,0,0,1,0,0,1,0,0,1,0,0,1,2,0,0,2,0,1,0,0,1,0,0,0,1,0,0,0,0,0,0,0,0,0,0,0,0,0,0,0,0,0,0,0,0,0,0,0,0,0,0,0,0,0,0,0,0,0,0,0,0,0,0,0,0,0,0,0,0,0,0,0,0,0,0,0,0,0,0
917355:0,0,0,0,0,0,1,0,1,0,0,0,1,0,0,0,0,0,0,0,0,0,0,0,0,0,0,1,0,0,0,0,0,0,0,1,0,0,0,0,0,0,0,0,1,0,0,0,0,0,0,1,0,0,0,0,0,0,0,1,1,0,0,0,0,0,0,0,0,0,0,0,0,0,0,0,0,0,0,0,0,0,0,0,0,0,0,0,0,0,0,0,0,0,0,0,0,0,0,0,0,0,0,0,0,0,0,0,0,0,0,0,0
17778:0,0,0,0,0,0,0,0,0,0,0,0,0,0,0,0,0,0,0,0,0,0,0,0,0,0,0,0,0,0,0,0,0,0,0,0,0,0,0,0,0,0,0,0,0,0,0,0,0,0,0,0,0,0,0,0,0,0,0,0,0,0,0,0,0,0,0,0,0,0,0,0,0,0,0,0,0,0,0,0,0,0,0,0,0,0,0,0,0,0,0,0,0,0,0,0,0,0,0,0,0,0,0,0,0,0,0,0,0,0,0,0,0
17780:0,0,0,0,0,3,1,1,6,9,2,4,1,1,2,3,4,3,4,0,2,1,4,3,1,2,2,2,2,0,3,2,2,2,2,6,3,4,3,2,4,4,5,0,1,3,2,2,4,5,2,2,2,2,2,4,2,4,4,1,3,3,5,1,2,0,0,0,0,0,0,0,0,0,0,0,0,0,1,0,1,0,1,0,0,0,0,0,0,0,0,0,0,0,0,0,0,0,0,1,0,0,0,0,0,0,0,0,0,0,0,0,0
40310:0,0,1,1,1,1,5,6,0,1,3,5,3,2,3,2,6,3,0,1,2,2,2,4,1,3,0,1,3,1,2,1,3,2,1,2,3,4,4,1,0,5,4,1,3,1,2,2,3,0,1,1,1,1,1,1,3,5,2,2,3,2,0,0,0,0,0,0,0,0,0,0,0,0,0,0,0,0,0,0,0,0,0,0,0,0,0,0,0,0,0,0,0,0,0,0,0,0,0,0,0,0,0,0,0,0,0,0,0,0,0,0,0
40311:0,0,7,4,2,3,4,1,4,1,7,2,2,2,1,1,3,4,2,2,1,1,2,4,3,3,5,2,3,1,2,3,3,5,5,0,2,3,1,1,5,2,5,2,4,3,3,3,2,9,4,1,3,3,2,3,2,6,3,6,2,4,0,0,0,0,0,0,0,0,0,0,0,0,0,0,0,0,0,0,0,0,0,0,0,0,0,0,0,0,0,0,0,0,0,0,0,0,0,0,0,0,0,0,0,0,0,0,0,0,0,0,0
917780:0,0,0,1,1,1,1,0,1,0,0,0,0,1,0,0,0,1,1,0,2,1,0,1,1,2,1,0,0,0,0,1,2,1,0,1,1,2,2,0,1,1,0,0,0,0,1,0,0,1,1,1,0,0,1,1,0,1,0,0,0,0,0,0,0,0,0,0,0,0,0,0,0,0,0,0,0,0,0,0,0,0,0,0,0,0,0,0,0,0,0,0,0,0,0,0,0,0,0,0,0,0,0,0,0,0,0,0,0,0,0,0,0
17472:0,0,2,4,4,1,11,2,7,9,6,11,6,1,7,5,6,1,5,3,2,10,4,4,8,3,6,7,7,7,7,0,8,8,3,8,4,3,8,7,6,5,7,1,8,5,3,9,3,2,4,11,4,10,6,0,4,7,3,7,8,2,3,5,1,1,0,0,0,0,0,0,0,0,0,0,0,0,0,0,0,0,0,0,0,0,0,0,0,0,0,0,0,0,0,0,0,0,0,0,0,0,0,0,0,0,0,0,0,0,0,0,0
917890:0,0,1,4,4,6,7,8,2,13,6,4,13,6,5,5,8,4,9,7,5,11,10,12,8,4,4,5,4,8,6,9,3,8,8,4,7,7,4,5,6,9,7,2,3,7,5,3,7,8,4,8,7,12,5,3,4,7,6,5,7,3,2,5,3,1,1,0,0,0,2,0,0,0,0,1,0,0,2,0,0,1,0,0,0,0,0,0,0,0,0,0,0,0,1,0,0,0,0,0,0,0,0,0,0,0,0,0,0,0,0,0,0
917891:0,0,1,1,4,4,4,2,4,5,2,3,3,6,4,0,4,2,3,3,2,2,1,7,1,1,5,1,2,2,1,2,2,2,0,4,4,3,3,1,3,3,3,2,4,4,4,3,1,3,1,4,2,1,3,2,1,0,3,5,2,2,4,0,0,1,0,0,0,0,0,0,0,0,0,0,0,0,0,0,0,0,0,0,0,0,0,0,0,0,0,0,0,0,0,0,0,0,0,0,0,0,0,0,0,0,0,0,0,0,0,0,0
917892:0,0,2,7,7,6,13,5,11,7,5,9,7,7,9,7,5,8,11,7,12,10,9,9,10,8,5,8,8,9,8,10,12,8,8,4,6,11,9,7,4,6,8,7,7,7,10,8,6,8,11,10,6,10,8,7,10,10,3,5,11,5,0,0,0,0,0,0,0,0,0,0,0,0,0,0,0,0,0,0,0,0,0,0,0,0,0,0,0,0,0,0,0,0,0,0,0,0,0,0,0,0,0,0,0,0,0,0,0,0,0,0,0
917893:0,0,0,3,4,2,4,4,1,6,2,5,6,2,4,6,4,3,3,3,3,9,2,5,4,0,5,6,3,3,3,5,7,5,5,4,5,2,7,3,6,3,1,4,2,4,4,3,5,3,4,5,4,1,6,4,4,1,3,4,5,4,1,1,0,1,0,0,0,1,0,0,0,0,0,0,0,0,0,0,0,0,0,0,0,0,0,0,0,1,0,0,0,0,0,1,0,0,1,0,0,0,0,0,0,0,0,0,0,0,0,0,0
17287:0,0,4,4,2,7,3,3,3,5,2,3,3,3,7,2,3,1,6,2,5,4,2,7,4,4,1,3,5,2,4,3,2,6,4,2,0,5,0,6,2,4,4,3,3,6,5,1,2,3,5,6,1,3,3,2,2,1,4,2,3,2,0,0,0,0,0,0,0,0,0,0,0,0,0,0,0,0,0,0,0,0,0,0,0,0,0,0,0,0,0,0,0,0,0,0,0,0,0,0,0,0,0,0,0,0,0,0,0,0,0,0,0
917896:0,0,4,1,3,2,5,5,2,2,3,2,5,1,9,5,1,1,4,6,4,6,3,1,1,1,2,2,5,0,9,1,5,5,1,3,3,6,6,3,3,3,2,4,4,3,3,5,4,3,2,1,3,0,4,5,3,4,2,8,3,4,0,0,0,0,0,0,0,0,0,0,0,0,0,0,0,0,0,0,0,0,0,0,0,0,0,0,0,0,0,0,0,0,0,0,0,0,0,0,0,0,0,0,0,0,0,0,0,0,0,0,0
917897:0,0,1,2,3,3,2,7,3,1,2,3,2,2,6,4,4,4,4,6,3,4,1,2,5,4,2,4,2,2,4,4,3,2,2,1,3,5,3,4,1,1,5,3,1,3,4,5,0,7,3,6,4,2,6,3,8,5,6,6,3,2,0,0,0,0,0,0,0,0,0,0,0,0,0,0,0,0,0,0,0,0,0,0,0,0,0,0,0,0,0,0,0,0,0,0,0,0,0,0,0,0,0,0,0,0,0,0,0,0,0,0,0
917898:0,0,0,2,1,0,2,1,2,0,2,2,4,3,0,3,1,0,3,2,5,3,1,2,2,0,0,3,2,4,2,2,1,3,0,1,1,6,2,4,0,0,2,2,2,1,0,3,2,1,3,1,1,2,2,4,2,0,0,1,4,3,1,0,0,0,0,0,0,0,0,0,0,1,1,0,0,1,1,0,0,1,1,0,1,1,1,0,1,0,1,0,0,0,0,0,0,0,0,2,0,1,0,1,1,0,0,1,0,1,0,1,0
917899:0,0,0,1,2,0,2,0,2,0,0,0,2,3,0,2,1,3,0,1,1,1,1,1,1,1,1,1,3,1,2,2,0,1,0,0,1,1,1,6,1,0,3,0,1,3,3,0,4,1,0,1,0,1,2,0,2,0,3,0,3,0,3,0,0,0,0,0,0,0,0,1,0,0,3,0,0,1,0,1,0,1,1,0,0,1,1,0,0,0,0,0,0,1,0,0,0,0,0,1,0,1,1,0,2,0,0,0,0,0,0,0,1
917900:0,0,0,0,0,0,0,0,0,0,0,0,0,0,0,0,0,0,0,0,0,0,0,0,0,0,0,0,0,0,0,0,0,0,0,0,0,0,0,0,0,0,0,0,0,0,0,0,0,0,0,0,0,0,0,0,0,0,0,0,0,0,0,0,0,0,0,0,0,0,0,0,0,0,0,0,0,0,0,0,0,0,0,0,0,0,0,0,0,0,0,0,0,0,0,0,0,0,0,0,0,0,0,0,0,0,0,0,0,0,0,0,0
17302:0,0,0,2,0,2,2,1,1,2,2,5,3,3,0,1,3,3,4,0,1,3,3,2,4,1,7,1,4,4,3,2,3,1,2,2,1,2,3,8,0,3,3,3,1,3,1,3,1,4,5,2,4,3,4,0,1,1,3,2,5,3,2,0,0,0,0,0,0,0,0,0,0,0,0,0,0,0,0,0,0,0,0,0,0,0,0,0,0,0,0,0,0,0,0,0,0,0,0,0,0,0,0,0,0,0,0,0,0,0,0,0,0
17625:0,0,4,4,14,11,10,16,14,5,6,11,15,13,13,14,11,13,12,11,20,11,8,10,10,5,7,2,10,7,6,12,16,6,10,11,7,13,11,11,15,8,10,9,11,9,9,9,14,13,10,8,7,10,15,10,7,4,6,12,11,14,4,4,2,0,2,1,2,0,2,2,0,2,1,1,1,2,0,1,2,1,1,0,0,1,0,0,0,1,0,1,1,0,0,1,0,0,2,0,1,0,1,0,0,0,0,0,0,0,0,0,0
917917:0,0,2,0,5,0,4,1,0,2,1,1,1,4,2,0,2,1,3,1,3,3,1,5,1,1,3,1,1,1,2,1,1,3,0,1,2,2,0,0,2,3,0,1,3,6,0,3,1,3,0,3,2,1,2,0,1,0,2,1,1,2,0,0,0,0,0,0,0,0,0,0,0,0,0,0,0,0,0,0,0,0,0,0,0,0,0,0,0,0,0,0,0,0,0,0,0,0,0,0,0,0,0,0,0,0,0,0,0,0,0,0,0
17823:0,0,3,17,15,14,15,9,9,12,10,10,9,9,3,16,8,7,8,8,6,14,12,15,8,12,2,9,13,8,8,8,11,5,10,9,10,11,6,16,14,6,13,10,7,16,13,10,7,12,6,11,10,13,19,12,10,12,7,8,12,11,8,6,1,2,0,0,0,1,1,1,1,0,0,0,0,0,0,0,1,0,0,0,0,0,0,0,1,0,0,0,0,0,1,0,0,0,0,1,0,0,0,1,0,0,0,0,1,0,0,1,0
17824:0,0,2,1,5,1,4,3,2,2,3,1,3,2,3,5,2,1,0,2,7,6,6,2,5,0,1,4,7,1,3,2,9,2,1,2,2,5,4,6,5,1,6,2,4,3,6,3,4,1,4,2,3,1,3,6,7,2,2,2,4,4,3,3,0,0,0,0,0,0,0,0,0,0,0,0,0,0,0,0,0,0,0,0,0,0,0,0,0,0,0,0,0,0,0,0,0,0,0,0,0,0,0,0,0,0,0,0,0,0,0,0,0
17825:0,0,2,3,1,3,3,0,6,1,4,3,2,1,2,1,2,2,4,0,3,3,5,3,1,2,0,3,2,5,2,2,3,2,2,1,4,0,2,1,5,4,3,2,2,3,3,0,4,0,3,3,2,3,4,2,8,0,1,0,4,4,6,1,0,0,0,0,0,0,0,0,0,0,0,0,0,0,0,0,0,0,0,0,0,0,0,0,0,0,0,0,0,0,0,0,0,0,0,0,0,0,0,0,0,0,0,0,0,0,0,1,0
17826:0,0,1,2,4,2,2,1,3,1,6,4,4,3,1,6,7,3,2,4,4,4,2,2,2,6,0,4,5,9,1,6,0,1,2,3,4,2,2,4,3,1,6,2,5,3,2,2,4,7,2,3,4,3,3,3,3,1,1,3,6,7,6,1,0,0,0,0,0,0,0,0,0,1,1,0,0,1,1,0,0,1,1,0,1,2,0,0,1,0,1,0,0,0,0,0,0,0,0,2,0,1,0,1,1,0,0,1,0,1,0,1,0
17827:0,0,0,2,4,0,2,3,1,2,3,2,1,1,1,0,1,0,1,1,4,0,0,1,1,0,4,2,2,2,1,6,1,0,0,2,1,1,2,2,1,2,2,1,0,2,1,2,1,2,0,0,2,4,2,0,1,0,0,0,3,1,0,0,0,0,0,0,0,0,0,0,0,0,0,0,0,0,0,0,0,0,0,0,0,0,0,0,0,0,0,0,0,0,0,0,0,0,0,0,0,0,0,0,0,0,0,0,0,0,0,0,0
17828:0,0,0,5,5,2,3,3,3,2,0,3,2,0,1,2,2,1,1,0,4,2,0,2,0,2,2,1,4,2,4,3,0,2,2,1,3,3,4,5,0,2,4,0,2,5,2,2,1,3,0,2,0,2,1,4,1,1,3,0,3,0,1,0,0,0,0,0,0,0,1,0,0,0,1,0,0,0,0,0,0,0,0,0,0,0,0,0,0,0,0,0,0,1,0,0,0,0,0,0,0,1,0,0,1,0,0,0,0,0,0,0,0
917413:0,0,0,0,0,0,0,0,0,0,0,0,0,0,0,0,0,0,0,0,0,0,0,0,0,0,0,0,0,0,0,0,0,0,0,0,0,0,0,0,0,0,0,0,0,0,0,0,0,0,0,0,0,0,0,0,0,0,0,0,0,0,0,0,0,0,0,0,0,0,0,0,0,0,0,0,0,0,0,0,0,0,0,0,0,0,0,0,0,0,0,0,0,0,0,0,0,0,0,0,0,0,0,0,0,0,0,0,0,0,0,0,0
17321:0,0,2,5,5,8,9,18,9,9,5,8,5,16,8,9,5,7,5,12,7,5,3,8,12,6,6,7,8,9,9,2,14,3,16,7,15,11,7,8,9,7,10,12,14,5,12,6,9,5,12,8,11,11,6,11,3,7,13,13,9,11,4,4,2,1,0,0,0,0,0,0,0,0,0,0,0,0,0,0,0,0,0,0,0,0,0,0,0,0,0,0,0,0,0,0,0,0,0,0,0,0,0,0,0,0,0,0,0,0,0,0,0
17322:0,0,3,7,6,13,10,16,22,10,9,15,16,16,16,8,8,12,11,10,13,10,13,9,13,10,10,11,16,13,11,12,9,8,20,10,18,14,10,14,12,8,12,14,10,7,15,19,12,5,15,14,14,15,10,14,6,12,17,16,16,13,9,10,6,2,0,0,1,0,0,0,1,0,0,0,1,0,0,0,0,0,0,0,0,0,1,0,0,0,0,0,0,2,0,0,0,0,0,0,0,0,0,0,0,0,0,0,0,0,0,0,0
17323:0,0,4,11,16,8,7,10,8,10,8,9,11,12,9,10,14,11,9,18,8,12,14,17,15,12,15,16,9,15,14,17,12,17,5,6,7,11,11,8,11,8,12,9,17,10,11,7,7,15,15,13,11,11,10,6,13,7,13,13,7,10,9,0,0,1,0,0,1,0,0,0,0,0,0,0,0,0,0,1,0,0,0,0,0,0,1,0,0,0,0,0,0,0,0,0,0,0,0,1,0,0,0,0,0,0,1,0,0,0,0,1,0
917421:0,0,5,1,2,3,5,4,5,2,2,4,3,7,4,1,5,9,4,3,4,4,6,6,6,3,2,6,3,4,8,11,3,3,8,1,1,1,5,4,3,2,2,6,2,3,2,2,7,6,6,3,3,6,4,7,4,5,3,6,6,8,6,3,0,2,0,0,0,1,0,0,0,0,0,0,1,0,0,0,0,0,0,0,0,0,1,0,0,0,0,0,0,0,1,1,1,3,0,1,1,0,0,0,1,1,0,0,0,0,1,0,0
17326:0,0,5,13,11,18,13,15,4,19,15,16,16,15,12,12,8,8,10,12,13,21,12,11,9,8,11,10,15,15,13,9,13,15,8,16,13,8,11,14,12,9,22,12,12,11,10,8,13,17,17,14,10,13,13,9,14,16,14,14,12,13,12,5,3,0,0,0,1,1,0,0,1,0,0,0,0,0,0,1,0,0,0,0,0,2,0,0,0,0,0,0,2,2,1,0,0,0,0,1,0,0,0,0,0,0,1,0,0,0,1,0,0
17327:0,0,11,10,18,19,23,15,19,28,24,22,22,14,18,16,21,16,22,24,15,19,22,17,27,23,28,20,22,19,17,28,19,19,15,15,19,22,21,18,20,13,18,18,30,27,20,16,30,21,24,22,15,21,20,23,25,19,24,21,22,21,13,8,1,0,0,0,0,0,0,0,0,0,1,0,1,0,0,0,0,0,0,0,0,0,0,0,1,0,0,0,0,0,0,0,0,0,0,0,0,0,0,0,1,0,0,0,0,0,0,1,0
17329:0,0,6,9,10,9,8,12,10,15,13,10,12,8,8,5,6,8,13,10,10,10,9,11,16,12,8,13,17,15,9,9,7,7,5,9,11,18,11,9,12,10,7,11,12,14,9,11,16,11,10,15,16,17,15,8,8,14,18,9,10,6,9,2,3,0,1,1,1,0,0,0,2,0,1,0,1,0,1,0,0,0,0,0,0,2,0,1,0,0,0,0,2,1,0,0,0,0,0,1,0,0,0,1,0,1,0,0,0,1,1,1,0
17330:0,0,2,4,8,2,4,4,1,8,8,2,6,5,4,4,2,6,6,1,3,3,3,3,9,7,3,2,10,8,4,4,2,2,2,2,7,5,5,8,4,9,8,7,1,8,6,6,4,4,6,5,8,8,7,2,4,7,9,8,3,7,1,1,0,0,0,0,0,0,0,0,0,0,0,0,0,0,0,0,0,0,0,0,0,0,0,0,0,0,0,0,0,0,0,0,0,0,0,0,0,0,0,0,0,0,0,0,0,0,0,0,0
17331:0,0,5,3,7,8,3,6,5,4,6,3,5,1,4,7,4,2,2,4,0,12,6,3,4,7,7,4,5,5,7,4,2,6,3,8,5,6,5,4,5,0,5,11,2,7,11,2,4,7,3,3,4,5,4,2,3,8,7,6,3,3,0,0,0,0,0,0,0,0,0,0,0,0,0,1,0,0,0,0,0,0,0,0,0,0,0,0,0,0,0,0,1,0,0,0,0,0,0,0,0,0,0,1,0,0,0,0,0,1,0,0,0
917428:0,0,0,3,1,5,3,4,6,3,4,8,2,2,2,5,6,3,4,4,5,4,2,4,7,4,4,8,3,6,4,0,2,3,4,6,4,6,4,6,6,3,6,1,5,3,2,3,6,4,4,3,3,4,4,4,1,9,7,3,3,8,9,3,1,1,0,0,2,0,0,0,0,0,0,0,0,0,1,0,0,0,0,0,0,0,0,0,0,0,0,0,0,0,0,0,0,0,0,0,0,0,0,0,0,0,0,0,0,0,0,0,0
17333:0,0,3,4,4,2,4,1,3,6,7,2,3,5,1,4,2,4,2,4,2,1,3,8,5,4,2,6,6,3,1,4,3,1,7,2,4,5,3,6,6,3,8,4,2,5,3,2,3,3,1,5,3,6,3,2,4,2,6,5,3,4,0,1,0,0,0,0,0,0,0,0,0,0,0,0,0,0,0,0,0,0,0,0,0,0,0,0,0,0,0,0,0,0,0,0,0,0,0,0,0,0,0,0,0,0,0,0,0,0,0,0,0
17334:0,0,5,3,3,6,3,0,1,5,5,3,4,3,3,5,1,5,3,6,3,2,4,8,6,4,2,5,5,3,6,4,3,1,3,4,5,4,5,3,4,3,9,3,3,4,1,4,5,2,2,4,4,4,1,3,1,0,8,3,5,7,1,0,0,0,0,0,0,0,0,0,0,0,0,0,0,0,0,0,0,0,0,0,0,0,0,0,0,0,0,0,0,0,0,0,0,0,0,0,0,0,0,0,0,0,0,0,0,0,0,0,0
17336:0,0,3,3,1,6,2,1,3,3,2,3,3,3,4,4,1,6,6,5,6,0,5,4,6,2,2,6,6,3,2,5,3,1,1,3,3,1,5,3,6,6,5,4,3,3,2,3,6,1,4,4,5,4,1,5,1,2,4,5,2,7,0,1,0,0,0,0,0,0,0,0,0,0,0,0,0,0,0,0,0,0,0,0,0,0,0,0,0,0,0,0,0,0,0,0,0,0,0,0,0,0,0,0,0,1,0,0,0,0,0,0,0
917433:0,0,4,7,18,17,17,14,11,15,10,17,16,32,18,20,18,16,15,17,23,15,21,13,23,13,20,23,22,13,19,19,20,10,24,15,20,18,20,18,17,16,26,21,18,24,16,17,13,11,27,22,11,21,19,15,13,18,19,23,25,18,14,10,0,2,1,0,0,0,0,0,0,0,0,1,0,0,0,0,0,0,0,0,0,0,0,0,0,0,0,0,0,0,0,0,0,0,0,0,0,0,0,0,0,0,0,0,0,0,0,0,0
917434:0,0,2,3,7,7,8,10,8,8,12,9,7,11,6,4,7,8,10,11,1,9,10,8,7,7,6,6,10,7,11,8,4,9,7,7,7,4,9,9,9,6,8,6,7,13,5,7,16,11,7,12,5,6,7,5,5,8,11,9,13,9,6,8,2,2,2,1,2,1,0,0,0,0,0,1,0,0,0,0,0,0,0,0,0,0,0,0,0,0,0,0,0,0,0,0,0,0,0,0,0,0,0,0,0,0,0,0,0,0,0,0,0
917436:0,0,11,6,22,17,19,21,13,14,19,16,20,16,12,14,7,22,21,19,24,17,21,21,6,24,11,22,17,17,15,21,13,18,20,17,11,16,15,20,14,14,23,13,15,19,21,12,28,13,24,24,20,22,22,19,17,25,14,27,21,21,19,11,5,3,6,2,2,3,3,0,4,2,5,2,1,2,3,1,0,0,1,0,1,3,1,3,2,1,1,0,6,2,1,0,1,1,3,1,1,3,1,3,2,3,3,0,2,4,4,1,0
917437:0,0,1,4,3,4,7,9,6,6,4,8,2,10,4,4,5,8,2,5,2,9,5,6,4,4,9,6,7,10,3,9,3,8,4,4,3,5,3,3,5,7,7,5,3,9,2,2,5,6,2,8,5,7,5,7,7,5,4,9,5,9,4,5,2,2,4,2,1,0,1,3,1,1,1,2,2,1,5,2,1,2,2,1,0,0,3,4,1,3,2,0,0,2,1,3,2,2,4,2,4,1,1,2,0,2,3,1,2,1,0,0,0
917438:0,0,2,4,2,3,0,5,2,2,2,3,2,2,2,5,3,2,0,3,1,4,2,2,3,3,1,2,6,5,3,6,0,2,2,1,3,1,1,3,1,4,4,3,1,3,4,2,1,1,1,3,2,4,4,3,5,2,1,4,1,4,2,2,1,0,1,1,0,0,0,0,0,0,0,0,1,0,0,1,1,0,0,0,0,0,2,2,0,0,1,0,0,0,0,1,0,0,0,1,1,0,0,0,0,0,1,0,0,0,0,0,0
917749:0,0,2,9,2,5,6,4,9,5,6,3,4,1,6,7,5,7,2,4,6,2,8,7,3,7,7,6,3,6,4,10,10,2,6,7,3,10,7,5,9,6,1,4,4,4,5,7,3,4,6,4,6,6,6,6,5,5,7,2,6,4,3,0,0,0,0,0,0,0,0,0,0,0,0,0,0,0,0,0,0,0,0,0,0,0,0,0,0,0,0,0,0,0,0,0,0,0,0,0,0,0,0,0,0,0,0,0,0,0,0,0,0
917440:0,0,3,9,1,5,6,11,8,12,11,10,5,6,3,9,6,13,5,8,5,8,11,16,9,8,7,12,8,13,6,2,9,5,10,5,11,8,6,12,6,6,8,7,12,10,8,10,5,9,6,7,11,5,9,8,7,10,8,11,6,11,4,4,1,0,2,0,0,0,0,0,1,0,0,0,1,1,0,0,1,0,0,0,0,0,1,1,0,0,1,0,0,1,0,1,0,1,0,0,1,0,0,0,0,0,0,1,0,0,1,0,0
917441:0,0,7,2,1,3,6,8,5,4,4,4,2,3,2,3,3,3,1,7,4,5,4,2,5,3,7,3,3,1,6,7,3,7,3,2,3,6,5,3,6,6,5,7,3,3,4,3,4,3,3,1,7,7,5,4,6,4,6,1,2,6,7,1,1,2,0,0,2,0,0,0,0,0,0,2,0,0,0,1,0,1,0,0,0,0,0,0,0,0,0,1,0,0,0,2,1,1,0,0,2,0,1,0,1,0,0,1,0,0,0,0,0
917442:0,0,3,0,1,2,4,3,2,1,1,5,3,2,2,2,5,1,3,2,3,2,4,3,5,2,5,3,2,0,6,6,4,5,4,2,1,1,5,1,4,2,2,5,4,1,3,5,6,1,0,1,2,5,3,6,2,3,2,2,2,5,6,1,2,2,0,0,1,0,0,0,0,0,0,0,1,0,0,1,0,1,0,0,0,0,0,0,0,0,0,0,0,0,0,1,1,2,0,0,1,0,1,0,1,0,0,0,0,0,0,0,0
916931:0,0,0,0,0,0,0,0,0,0,0,0,0,0,0,0,0,0,0,0,0,0,0,0,0,0,0,0,0,0,0,0,0,0,0,0,0,0,0,0,0,0,0,0,0,0,0,0,0,0,0,0,0,0,0,0,0,0,0,0,0,0,0,0,0,0,0,0,0,0,0,0,0,0,0,0,0,0,0,0,0,0,0,0,0,0,0,0,0,0,0,0,0,0,0,0,0,0,0,0,0,0,0,0,0,0,0,0,0,0,0,0,0
17861:0,0,0,1,2,4,6,3,3,1,1,4,1,7,3,2,4,3,4,3,2,2,7,7,3,3,6,1,4,2,2,4,4,4,2,2,2,4,9,8,5,3,5,1,4,4,5,2,7,4,0,3,2,4,3,3,4,3,2,2,4,2,3,0,1,0,0,0,2,1,1,0,1,1,1,0,1,0,1,1,0,0,0,0,2,2,0,0,1,1,0,1,0,0,1,1,1,1,0,1,1,1,1,0,2,0,0,0,0,0,0,1,0
916935:0,0,0,0,0,0,0,0,0,0,0,0,0,0,0,0,0,0,0,0,0,0,0,0,0,0,0,0,0,0,0,0,0,0,0,0,0,0,0,0,0,0,0,0,0,0,0,0,0,0,0,0,0,0,0,0,0,0,0,0,0,0,0,0,0,0,0,0,0,0,0,0,0,0,0,0,0,0,0,0,0,0,0,0,0,0,0,0,0,0,0,0,0,0,0,0,0,0,0,0,0,0,0,0,0,0,0,0,0,0,0,0,0
916938:0,0,0,0,0,0,0,0,0,0,0,0,0,0,0,0,0,0,0,0,0,0,0,0,0,0,0,0,0,0,0,0,0,0,0,0,0,0,0,0,0,0,0,0,0,0,0,0,0,0,0,0,0,0,0,0,0,0,0,0,0,0,0,0,0,0,0,0,0,0,0,0,0,0,0,0,0,0,0,0,0,0,0,0,0,0,0,0,0,0,0,0,0,0,0,0,0,0,0,0,0,0,0,0,0,0,0,0,0,0,0,0,0
17355:0,0,3,8,4,8,10,10,13,9,9,14,10,11,10,11,8,5,8,6,13,7,3,7,10,8,7,16,5,9,10,7,16,12,3,12,8,10,14,11,6,14,9,11,11,10,3,11,12,6,10,7,5,11,10,8,9,8,9,16,10,11,8,6,0,1,0,0,0,0,0,0,0,0,0,0,0,0,0,0,0,0,0,0,0,0,0,0,0,0,0,0,0,0,0,0,0,0,0,0,0,0,0,0,0,0,0,0,0,0,0,0,0
917752:0,0,2,8,10,6,12,11,9,13,7,10,6,10,7,5,10,7,11,13,5,16,8,13,9,7,10,9,10,7,11,11,5,11,9,4,7,12,8,5,9,8,9,10,4,13,13,10,9,8,10,9,11,10,10,8,7,14,7,4,10,7,1,0,0,0,0,0,0,0,0,0,0,0,0,0,0,0,0,0,0,0,0,0,0,0,0,0,0,0,0,0,0,0,0,0,0,0,0,0,0,0,0,0,0,0,0,0,0,0,0,0,0
17059:0,0,5,0,10,7,2,6,9,3,4,8,9,7,4,7,4,8,3,4,8,4,5,6,2,9,6,5,6,2,5,9,5,10,5,6,7,5,8,12,4,7,6,4,9,4,5,5,10,2,3,5,7,4,2,4,10,5,4,4,4,3,1,1,0,0,0,0,0,0,0,0,0,0,0,0,0,0,0,0,0,0,0,0,0,0,0,0,0,0,0,0,0,0,0,0,0,0,0,0,0,0,0,0,0,0,0,0,0,0,0,0,0
917707:0,0,2,5,2,5,1,2,0,3,5,5,7,3,5,1,4,4,5,2,4,3,5,6,8,1,6,4,1,3,6,3,7,7,9,5,7,7,4,3,6,9,3,6,3,5,2,3,7,5,2,5,2,5,7,5,2,4,4,5,0,5,2,1,1,3,2,1,2,1,2,1,1,2,2,1,1,0,0,0,0,0,0,0,0,0,0,0,0,0,0,0,0,0,0,0,0,0,0,0,0,0,0,0,0,0,0,0,0,0,0,0,0
917753:0,0,2,5,10,11,11,12,6,12,6,9,7,6,6,14,10,11,8,10,7,14,9,10,11,9,7,14,15,7,14,11,14,10,13,16,9,5,10,9,10,6,11,8,10,6,12,9,9,7,7,6,17,13,8,9,12,8,9,11,9,7,6,6,6,5,6,3,2,5,5,6,5,2,2,5,5,5,0,0,0,0,0,0,0,1,0,0,0,0,0,0,0,0,0,0,0,1,1,0,0,0,0,1,0,0,0,0,0,0,0,0,0
917754:0,0,2,4,5,1,2,0,1,3,5,4,3,2,5,2,4,2,4,2,3,1,4,5,6,2,3,6,0,4,5,4,4,8,3,5,5,6,5,2,3,5,5,5,2,4,2,2,7,3,3,4,2,2,5,2,4,2,2,3,0,5,2,1,1,2,2,2,1,1,2,1,1,3,2,1,1,0,0,0,0,0,0,0,0,0,0,0,0,0,0,0,0,0,0,0,0,0,0,0,0,0,0,0,0,0,0,0,0,0,0,0,0
917471:0,0,4,5,9,15,9,6,13,11,11,16,13,4,8,17,10,11,7,7,11,11,8,9,9,12,9,14,9,11,12,4,7,12,9,12,11,7,10,12,15,12,13,4,14,11,8,14,12,11,8,11,9,14,5,10,8,13,11,13,13,12,11,5,3,0,0,0,0,0,0,0,0,0,0,0,0,0,0,0,0,0,0,0,0,0,0,0,0,0,0,0,0,0,0,0,0,0,0,0,0,0,0,0,0,0,0,0,0,0,0,0,0
17376:0,0,2,5,0,2,6,3,2,2,3,8,5,1,4,2,7,6,7,5,3,2,4,2,7,2,4,7,9,1,4,6,5,5,3,3,1,2,2,2,4,4,4,4,3,5,4,4,10,3,5,5,5,5,5,7,3,0,5,4,5,5,2,2,2,0,0,0,0,0,0,0,0,0,0,0,0,0,0,0,0,0,0,0,0,0,0,0,0,0,0,0,0,0,0,0,0,0,0,0,0,0,0,0,0,0,0,0,0,0,0,0,0
17232:0,0,7,9,12,8,9,11,11,9,7,14,10,11,10,7,5,11,8,13,4,9,14,19,10,9,13,16,13,11,12,15,11,10,3,10,8,15,9,10,12,4,10,8,11,10,12,10,10,16,12,10,10,13,11,12,9,8,16,8,3,5,6,0,0,0,0,0,0,0,0,0,0,0,0,0,0,0,0,0,0,0,0,0,0,0,0,0,0,0,0,0,0,0,0,0,0,0,0,0,0,0,0,0,0,0,0,0,0,0,0,0,0
17890:0,0,1,1,1,1,2,2,0,1,0,0,0,3,0,0,0,0,3,3,1,3,0,1,0,1,0,1,1,0,1,1,0,2,1,0,0,1,2,0,2,1,0,1,1,1,1,1,0,1,1,2,2,0,2,2,2,1,0,0,0,1,0,0,0,0,0,0,0,0,0,0,0,0,0,0,0,0,0,0,0,0,0,0,0,0,0,0,0,0,0,0,0,0,0,0,0,0,0,0,0,0,0,0,0,0,0,0,0,0,0,0,0
17891:0,0,0,1,1,1,2,0,1,0,0,0,0,0,0,1,1,1,1,1,0,0,3,0,1,1,0,0,0,0,0,3,0,2,1,1,1,3,1,0,2,1,1,0,0,1,0,0,0,1,1,2,1,0,0,2,0,1,1,0,0,0,0,1,0,1,0,0,0,0,0,0,0,0,0,0,0,1,0,0,0,0,0,0,0,0,0,0,0,0,0,0,0,0,0,0,0,0,0,0,0,0,0,0,0,1,0,0,0,0,0,0,0
17892:0,0,0,0,0,0,0,0,0,0,0,0,0,0,0,0,0,0,0,0,0,0,0,0,0,0,0,0,0,0,0,0,0,0,0,0,0,0,0,0,0,0,0,0,0,0,0,0,0,0,0,0,0,0,0,0,0,0,0,0,0,0,0,0,0,0,0,0,0,0,0,0,0,0,0,0,0,0,0,0,0,0,0,0,0,0,0,0,0,0,0,0,0,0,0,0,0,0,0,0,0,0,0,0,0,0,0,0,0,0,0,0,0
917989:0,0,3,2,3,1,2,2,0,1,1,0,1,5,2,3,2,3,3,4,2,2,6,2,2,0,0,3,1,2,0,0,1,3,2,2,2,2,1,2,4,2,2,2,4,0,1,2,1,2,1,3,1,4,3,0,4,2,2,3,5,4,0,0,0,0,0,0,0,0,0,0,0,0,0,0,0,0,0,0,0,0,0,0,0,0,0,0,0,0,0,0,0,0,0,0,0,0,0,0,0,0,0,0,0,0,0,0,0,0,0,0,0
17894:0,0,0,0,0,0,0,0,0,0,0,0,0,0,0,0,0,0,0,0,0,0,0,0,0,0,0,0,0,0,0,0,0,0,0,0,0,0,0,0,0,0,0,0,0,0,0,0,0,0,0,0,0,0,0,0,0,0,0,0,0,0,0,0,0,0,0,0,0,0,0,0,0,0,0,0,0,0,0,0,0,0,0,0,0,0,0,0,0,0,0,0,0,0,0,0,0,0,0,0,0,0,0,0,0,0,0,0,0,0,0,0,0
17895:0,0,0,4,1,5,5,0,4,1,0,6,4,3,1,4,7,3,3,4,3,6,5,9,10,2,4,3,7,3,8,3,5,4,4,2,1,3,10,2,7,3,1,9,1,2,5,6,3,3,3,7,2,4,7,3,3,7,2,3,2,8,5,3,0,3,2,0,1,1,1,0,0,1,0,0,0,0,2,0,0,0,0,0,0,0,1,0,2,1,0,0,0,0,0,1,0,0,1,0,2,0,1,0,0,0,0,0,0,0,0,0,0
17896:0,0,1,4,7,5,6,4,5,2,6,4,7,5,4,4,8,3,7,7,4,7,2,4,3,6,7,3,6,9,7,8,4,5,3,5,8,6,2,8,3,3,10,4,4,7,3,2,8,7,3,5,5,3,2,4,4,8,3,3,5,10,2,3,0,0,0,0,0,0,0,0,0,0,0,0,0,0,0,0,0,0,0,0,0,0,0,0,0,0,0,0,0,0,0,0,0,0,0,0,0,0,0,0,0,0,0,0,0,0,0,0,0
17897:0,0,0,0,0,0,0,0,0,0,0,0,0,0,0,0,0,0,0,0,0,0,0,0,0,0,0,0,0,0,0,0,0,0,0,0,0,0,0,0,0,0,0,0,0,0,0,0,0,0,0,0,0,0,0,0,0,0,0,0,0,0,0,0,0,0,0,0,0,0,0,0,0,0,0,0,0,0,0,0,0,0,0,0,0,0,0,0,0,0,0,0,0,0,0,0,0,0,0,0,0,0,0,0,0,0,0,0,0,0,0,0,0
17898:0,0,4,4,9,8,8,10,3,1,4,5,4,10,4,4,3,9,11,6,3,5,5,6,3,7,1,2,8,5,4,4,4,5,7,5,5,5,7,12,2,9,11,3,7,8,4,2,4,6,6,6,6,6,1,7,5,7,6,2,5,13,2,0,0,0,0,0,0,0,0,0,0,0,0,0,0,0,0,0,0,0,0,0,0,0,0,0,0,0,0,0,0,0,0,0,0,0,0,0,0,0,0,0,0,0,0,0,0,0,0,0,0
17899:0,0,2,4,3,6,3,4,1,0,3,1,3,8,5,3,5,2,8,5,1,3,7,4,2,4,2,4,2,4,0,2,3,6,2,3,5,3,6,3,5,4,5,3,7,3,2,4,3,5,1,4,3,6,2,2,6,3,4,4,8,2,3,0,0,0,0,0,0,0,0,0,0,0,0,0,0,0,0,0,0,0,0,0,0,0,0,0,0,0,0,0,0,0,0,0,0,0,0,0,0,0,0,0,0,0,0,0,0,0,0,0,0
17900:0,0,1,0,0,3,2,1,0,0,1,2,2,2,0,1,1,1,0,1,0,0,0,1,0,0,1,1,0,1,0,1,1,1,0,2,1,2,1,0,1,1,1,1,1,1,1,2,1,1,0,1,2,0,0,1,1,0,3,1,2,0,0,0,0,0,0,0,0,0,0,0,0,0,0,0,0,0,0,0,0,0,0,0,0,0,0,0,0,0,0,0,0,0,0,0,0,0,0,0,0,0,0,0,0,0,0,0,0,0,0,0,0
17014:0,0,0,1,1,0,1,1,1,1,0,0,0,0,0,0,0,1,2,0,0,0,1,0,1,1,1,1,0,0,0,0,1,0,0,1,0,0,1,0,1,0,0,0,0,0,1,0,0,0,0,0,2,1,0,1,0,0,1,0,1,1,1,0,1,2,0,0,0,0,0,0,0,0,0,0,0,0,0,0,0,0,0,0,0,0,0,0,0,0,0,0,0,0,0,0,0,0,0,0,0,0,0,0,0,0,0,0,0,0,0,0,0
917235:0,0,3,3,5,8,6,5,5,4,11,6,6,3,9,6,8,7,4,6,8,9,5,3,7,4,5,6,5,4,7,9,6,6,7,4,7,5,2,6,5,3,6,3,4,6,10,6,7,6,5,5,2,7,8,1,3,6,4,6,7,3,7,3,0,0,0,0,0,0,0,0,1,0,0,0,0,1,0,0,0,0,0,0,0,0,0,0,0,0,0,0,0,0,0,0,0,0,0,0,0,0,0,0,0,0,0,0,0,0,0,0,0
17069:0,0,0,0,0,0,0,0,0,0,0,0,0,0,0,0,0,0,0,0,0,0,0,0,0,0,0,0,0,0,0,0,0,0,0,0,0,0,0,0,0,0,0,0,0,0,0,0,0,0,0,0,0,0,0,0,0,0,0,0,0,0,0,0,0,0,0,0,0,0,0,0,0,0,0,0,0,0,0,0,0,0,0,0,0,0,0,0,0,0,0,0,0,0,0,0,0,0,0,0,0,0,0,0,0,0,0,0,0,0,0,0,0
17236:0,1,7,10,20,25,21,9,21,25,24,25,21,17,17,20,16,15,23,16,21,23,25,21,19,19,26,17,22,19,18,20,24,20,21,24,18,13,18,20,19,18,18,23,29,20,15,15,20,24,28,11,18,22,14,25,29,16,23,19,22,25,18,10,2,0,0,0,0,0,0,0,0,0,0,0,0,0,0,0,0,0,0,0,0,0,0,0,0,0,0,0,0,1,1,0,0,0,0,0,0,0,0,0,0,0,0,0,0,0,0,0,0
917623:0,0,4,6,16,10,2,20,15,15,7,7,13,13,8,18,18,14,10,13,18,14,9,14,13,13,12,12,12,5,14,13,17,14,10,15,15,8,10,11,12,12,12,9,11,11,7,7,15,13,11,6,13,20,18,11,11,14,11,13,9,13,10,7,6,5,1,2,3,3,4,5,6,2,4,5,3,2,0,0,1,0,0,0,0,1,0,0,0,0,0,0,0,0,0,0,1,0,1,0,0,0,1,1,0,0,0,0,0,0,0,0,0
17751:0,0,0,0,0,2,1,5,4,3,3,1,0,2,4,5,2,4,1,1,2,3,3,1,2,2,2,4,2,2,1,1,1,1,3,2,1,0,2,1,3,6,2,2,4,1,1,2,6,3,3,3,3,3,4,2,3,0,1,4,3,0,1,0,0,1,1,1,0,0,0,0,0,0,0,0,0,0,1,1,0,1,1,1,0,0,0,0,0,0,0,1,0,0,1,0,0,0,0,1,0,0,0,0,0,1,0,0,0,0,0,0,0
17917:0,0,0,0,0,0,0,0,0,0,0,0,0,0,0,0,0,0,0,0,0,0,0,0,0,0,0,0,0,0,0,0,0,0,0,0,0,0,0,0,0,0,0,0,0,0,0,0,0,0,0,0,0,0,0,0,0,0,0,0,0,0,0,0,0,0,0,0,0,0,0,0,0,0,0,0,0,0,0,0,0,0,0,0,0,0,0,0,0,0,0,0,0,0,0,0,0,0,0,0,0,0,0,0,0,0,0,0,0,0,0,0,0
