Car id,Start time,path
1,81,36-40-47-67-75-83-112
2,21,36-43-80-67-75-83-112
3,39,36-43-59-63-88-75-83-112
4,57,36-43-59-63-71-100-83-112
5,67,36-43-59-63-71-79-108-112
6,92,36-40-47-67-75-83-91-111
7,49,36-43-80-67-75-83-91-111
8,41,36-43-59-63-88-75-83-91-111
9,58,36-43-59-63-71-100-83-91-111
10,12,36-43-59-63-71-79-108-91-111
11,20,36-43-59-63-71-79-87-132-111
12,14,96-73-65-61-45-17
13,23,96-73-65-61-45-17
14,0,96-73-65-61-45-17
15,68,96-100-77-69-49-38-17
16,70,96-100-77-69-49-38-17
17,39,96-100-77-69-49-38-17
18,33,36-40-44
19,24,36-40-44
20,96,36-40-44
21,49,36-43-80-49-44
22,63,36-43-80-49-44
23,29,36-43-80-49-44
24,36,96-73-65-61-45-40-44
25,98,96-73-65-61-80-49-44
26,32,96-73-88-69-49-44
27,39,96-100-77-69-49-44
28,88,36-40-47-67-92
29,87,36-40-47-67-92
30,17,36-43-80-67-92
31,50,36-43-80-67-92
32,23,36-43-59-63-88-92
33,64,36-43-59-63-88-92
34,78,36-40-47-67-75-104
35,17,36-43-80-67-75-104
36,25,36-43-59-63-88-75-104
37,63,36-43-59-63-71-100-104
38,17,102-77-69-84
39,20,102-98-73-65-61-80-84
40,92,102-77-69-49-44
41,50,102-77-69-49-44
42,35,102-77-69-49-44
43,65,102-77-69-49-44
44,69,102-98-73-65-61-45-40-44
45,78,102-98-73-65-61-45-40-44
46,38,102-98-73-65-61-45-40-44
47,18,102-98-73-65-61-45-40-44
48,53,102-77-92
49,50,102-77-92
50,12,102-98-73-88-92
51,32,102-98-73-88-92
52,60,102-83-91-136
53,18,102-83-91-136
54,30,102-98-79-87-132-136
55,58,102-98-79-87-132-136
56,29,102-83-112
57,89,102-98-79-108-112
58,54,102-83-91-130-107
59,60,102-83-91-130-107
60,21,102-83-91-130-107
61,0,102-83-91-130-107
62,10,102-83-91-130-107
63,84,102-83-91-130-107
64,69,102-83-91-130-107
65,40,102-83-106-87-107
66,24,102-83-106-87-107
67,82,102-83-106-87-107
68,51,102-83-106-87-107
69,42,102-83-106-87-107
70,45,102-83-106-87-107
71,84,102-83-106-87-107
72,18,102-98-79-87-107
73,46,102-98-79-87-107
74,71,102-98-79-87-107
75,88,102-98-79-87-107
76,72,102-98-79-87-107
77,3,102-98-79-87-107
78,47,102-98-79-87-107
79,60,102-83-91-111
80,20,102-83-91-111
81,43,102-98-79-87-132-111
82,39,102-98-79-87-132-111
83,8,90-75-83-91-130-107
84,16,90-75-83-91-130-107
85,60,90-75-83-91-130-107
86,14,90-75-83-91-130-107
87,52,90-75-83-106-87-107
88,11,90-75-83-106-87-107
89,8,90-75-83-106-87-107
90,57,90-75-83-106-87-107
91,89,90-75-98-79-87-107
92,73,90-75-98-79-87-107
93,7,90-75-98-79-87-107
94,33,90-75-98-79-87-107
95,87,90-86-71-79-87-107
96,7,90-86-71-79-87-107
97,30,90-86-71-79-87-107
98,92,90-86-71-79-87-107
99,41,90-86-65-74
100,98,90-86-65-74
101,18,90-86-65-74
102,9,90-86-65-74
103,44,90-86-65-74
104,41,90-86-65-74
105,1,90-86-65-74
106,87,90-86-65-74
107,59,90-86-65-74
108,14,90-86-65-74
109,21,90-86-65-74
110,21,90-86-65-74
111,92,90-69-78-59-74
112,54,90-69-78-59-74
113,95,90-69-78-59-74
114,45,90-69-78-59-74
115,67,90-69-78-59-74
116,75,90-69-78-59-74
117,37,90-69-78-59-74
118,96,90-69-78-59-74
119,70,90-69-78-59-74
120,13,90-69-78-59-74
121,56,90-69-78-59-74
122,27,90-69-78-59-74
123,90,90-86-65-61-45-34
124,10,90-86-65-61-45-34
125,83,90-86-65-61-45-34
126,68,90-86-65-61-45-34
127,46,90-86-65-61-45-34
128,86,90-86-65-61-45-34
129,27,90-86-65-61-45-34
130,65,90-69-78-45-34
131,72,90-69-78-45-34
132,57,90-69-78-45-34
133,84,90-69-78-45-34
134,24,90-69-78-45-34
135,42,90-69-78-45-34
136,73,90-69-78-45-34
137,60,90-69-49-38-34
138,15,90-69-49-38-34
139,23,90-69-49-38-34
140,62,90-69-49-38-34
141,91,90-69-49-38-34
142,61,90-69-49-38-34
143,99,90-69-49-38-34
144,99,90-75-98-94
145,74,90-75-98-94
146,22,90-75-98-94
147,93,90-86-71-94
148,99,90-86-71-94
149,76,90-86-71-94
150,76,15-43-59-63-71-94
151,73,15-43-59-63-71-94
152,2,15-43-59-63-71-94
153,32,15-43-59-63-71-94
154,11,15-40-47-67-75-98-94
155,66,15-40-47-67-75-98-94
156,25,15-40-47-67-75-98-94
157,37,15-40-47-67-75-98-94
158,50,76-61-45-17
159,58,76-61-45-17
160,75,76-61-45-17
161,64,76-61-45-17
162,8,76-61-45-17
163,48,76-61-45-17
164,24,76-61-45-17
165,98,76-61-45-17
166,36,76-61-45-17
167,3,76-61-45-17
168,2,76-61-45-17
169,21,76-61-80-49-38-17
170,49,76-61-80-49-38-17
171,100,76-61-80-49-38-17
172,80,76-61-80-49-38-17
173,11,76-61-80-49-38-17
174,76,76-61-80-49-38-17
175,32,76-61-80-49-38-17
176,56,76-61-80-49-38-17
177,72,76-61-80-49-38-17
178,92,76-61-80-49-38-17
179,98,76-61-80-49-38-17
180,1,36-43-59-63-71-79-87-107
181,60,36-43-59-63-71-79-87-107
182,40,36-43-59-63-71-79-87-107
183,44,36-43-59-63-71-79-87-107
184,16,36-43-59-63-71-79-87-107
185,34,36-43-59-63-71-79-87-107
186,89,36-43-59-63-71-79-87-107
187,80,36-43-59-63-71-79-87-107
188,87,36-43-59-63-71-79-87-107
189,80,36-43-59-63-71-79-87-107
190,71,36-43-59-63-71-79-87-107
191,91,36-40-47-67-75-83-91-130-107
192,97,36-40-47-67-75-83-91-130-107
193,70,36-40-47-67-75-83-91-130-107
194,84,36-40-47-67-75-83-91-130-107
195,37,36-40-47-67-75-83-91-130-107
196,75,36-40-47-67-75-83-91-130-107
197,38,36-40-47-67-75-83-91-130-107
198,77,36-40-47-67-75-83-91-130-107
199,54,36-40-47-67-75-83-91-130-107
200,59,36-40-47-67-75-83-91-130-107
201,65,36-40-47-67-75-83-91-130-107
202,63,36-40-47-84
203,29,36-40-47-84
204,89,36-40-47-84
205,79,36-40-47-84
206,92,36-43-80-84
207,13,36-43-80-84
208,13,36-43-80-84
209,10,36-43-80-84
210,38,82-78-59-74
211,23,82-78-59-74
212,45,82-78-59-74
213,69,82-78-59-74
214,9,82-78-59-74
215,2,82-78-59-74
216,71,82-78-59-74
217,78,82-78-59-74
218,85,82-78-59-74
219,81,82-78-59-74
220,1,82-78-59-74
221,73,82-67-86-65-74
222,49,82-67-86-65-74
223,19,82-67-86-65-74
224,21,82-67-86-65-74
225,69,82-67-86-65-74
226,80,82-67-86-65-74
227,95,82-67-86-65-74
228,20,82-67-86-65-74
229,0,82-67-86-65-74
230,15,82-67-86-65-74
231,45,82-67-86-65-74
232,100,82-67-75-83-91-130-126
233,32,82-67-75-83-91-130-126
234,84,82-67-75-83-91-130-126
235,66,82-67-75-83-91-130-126
236,54,82-67-75-83-106-87-126
237,0,82-67-75-83-106-87-126
238,82,82-67-75-83-106-87-126
239,81,82-67-75-83-106-87-126
240,82,82-67-75-98-79-87-126
241,31,82-67-75-98-79-87-126
242,25,82-67-75-98-79-87-126
243,36,82-67-75-98-79-87-126
244,74,82-67-86-71-79-87-126
245,91,82-67-86-71-79-87-126
246,34,82-67-86-71-79-87-126
247,26,82-67-86-71-79-87-126
248,90,82-78-59-63-71-79-87-126
249,70,82-78-59-63-71-79-87-126
250,78,82-78-59-63-71-79-87-126
251,72,82-78-59-63-71-79-87-126
252,94,96-73-65-61-80-84
253,95,96-73-88-69-49-44
254,21,96-100-77-69-49-44
255,89,82-67-75-98-94
256,90,82-67-86-71-94
257,73,82-78-59-63-71-94
258,21,82-78-45-34
259,12,82-78-45-34
260,99,82-78-45-34
261,11,82-78-45-34
262,26,82-78-45-34
263,40,82-78-45-34
264,47,82-78-45-34
265,72,82-78-45-34
266,12,82-78-45-34
267,100,82-78-45-34
268,80,82-49-38-34
269,61,82-49-38-34
270,83,82-49-38-34
271,82,82-49-38-34
272,87,82-49-38-34
273,44,82-49-38-34
274,30,82-49-38-34
275,92,82-49-38-34
276,72,82-49-38-34
277,69,82-49-38-34
278,33,109-89-81-94
279,8,109-132-93-85-98-94
280,15,109-89-81-73-65-61-45-34
281,2,109-89-81-73-65-61-45-34
282,71,109-89-81-73-65-61-45-34
283,36,109-89-81-73-65-61-45-34
284,54,109-89-81-73-65-61-45-34
285,1,109-89-81-73-65-61-45-34
286,97,109-89-81-73-65-61-45-34
287,36,109-89-81-73-65-61-45-34
288,15,109-132-93-85-77-69-49-38-34
289,25,109-132-93-85-77-69-49-38-34
290,22,109-132-93-85-77-69-49-38-34
291,34,109-132-93-85-77-69-49-38-34
292,53,109-132-93-85-77-69-49-38-34
293,5,109-132-93-85-77-69-49-38-34
294,20,109-132-93-85-77-69-49-38-34
295,27,109-132-93-85-77-69-49-38-34
296,20,109-89-81-73-65-74
297,12,109-89-81-73-65-74
298,66,109-89-81-73-65-74
299,84,109-89-81-73-65-74
300,93,109-89-81-73-65-74
301,93,109-89-81-73-65-74
302,37,109-89-81-73-65-74
303,90,109-89-81-73-65-74
304,68,109-132-93-85-77-86-65-74
305,12,109-132-93-85-77-86-65-74
306,52,109-132-93-85-77-86-65-74
307,75,109-132-93-85-77-86-65-74
308,80,109-132-93-85-77-86-65-74
309,89,109-132-93-85-77-86-65-74
310,11,109-132-93-85-77-86-65-74
311,0,109-132-93-85-77-86-65-74
312,97,113-93-85-77-92
313,49,113-130-89-81-73-88-92
314,69,113-93-85-104
315,76,113-93-85-104
316,47,113-130-89-81-100-104
317,83,113-130-89-81-100-104
318,64,42-38-34
319,5,42-38-34
320,81,42-38-34
321,62,42-38-34
322,44,42-38-34
323,33,42-38-34
324,12,42-38-34
325,81,42-38-34
326,59,42-38-34
327,74,42-38-34
328,82,42-38-34
329,21,42-38-34
330,27,42-38-34
331,60,42-38-34
332,59,42-38-34
333,12,42-38-34
334,1,42-38-34
335,6,42-38-34
336,58,42-38-34
337,96,42-38-34
338,46,42-47-67-75-98-94
339,55,42-47-67-86-71-94
340,64,42-47-78-59-63-71-94
341,35,42-38-43-59-63-71-94
342,69,42-47-67-75-83-91-130-126
343,24,42-47-67-75-83-91-130-126
344,0,42-47-67-75-83-91-130-126
345,39,42-47-67-75-83-106-87-126
346,25,42-47-67-75-83-106-87-126
347,55,42-47-67-75-83-106-87-126
348,97,42-47-67-75-98-79-87-126
349,76,42-47-67-75-98-79-87-126
350,19,42-47-67-75-98-79-87-126
351,54,42-47-67-86-71-79-87-126
352,8,42-47-67-86-71-79-87-126
353,18,42-47-67-86-71-79-87-126
354,50,42-47-78-59-63-71-79-87-126
355,12,42-47-78-59-63-71-79-87-126
356,61,42-47-78-59-63-71-79-87-126
357,62,42-38-43-59-63-71-79-87-126
358,91,42-38-43-59-63-71-79-87-126
359,12,42-38-43-59-63-71-79-87-126
360,86,42-47-78-59-74
361,2,42-47-78-59-74
362,41,42-47-78-59-74
363,48,42-47-78-59-74
364,88,42-47-78-59-74
365,89,42-47-78-59-74
366,19,42-47-78-59-74
367,92,42-47-78-59-74
368,24,42-47-78-59-74
369,34,42-38-43-59-74
370,53,42-38-43-59-74
371,19,42-38-43-59-74
372,59,42-38-43-59-74
373,13,42-38-43-59-74
374,57,42-38-43-59-74
375,50,42-38-43-59-74
376,67,42-38-43-59-74
377,91,42-38-43-59-74
378,19,113-93-85-77-69-49-44
379,36,113-130-89-81-73-65-61-45-40-44
380,77,15-40-44
381,25,15-40-44
382,0,15-40-44
383,35,15-40-44
384,95,15-40-44
385,86,15-40-44
386,25,15-43-80-49-44
387,0,15-43-80-49-44
388,26,15-43-80-49-44
389,51,15-43-80-49-44
390,70,15-43-80-49-44
391,37,15-43-80-49-44
392,15,15-40-47-84
393,60,15-40-47-84
394,33,15-40-47-84
395,7,15-40-47-84
396,3,15-40-47-84
397,14,15-40-47-84
398,69,15-40-47-84
399,17,15-43-80-84
400,46,15-43-80-84
401,79,15-43-80-84
402,47,15-43-80-84
403,37,15-43-80-84
404,38,15-43-80-84
405,67,15-43-80-84
406,35,15-40-47-67-92
407,80,15-40-47-67-92
408,71,15-40-47-67-92
409,78,15-40-47-67-92
410,61,15-40-47-67-92
411,51,15-43-80-67-92
412,85,15-43-80-67-92
413,58,15-43-80-67-92
414,46,15-43-80-67-92
415,44,15-43-80-67-92
416,22,15-43-59-63-88-92
417,25,15-43-59-63-88-92
418,69,15-43-59-63-88-92
419,2,15-43-59-63-88-92
420,63,15-43-59-63-88-92
421,79,15-40-47-67-75-104
422,58,15-40-47-67-75-104
423,78,15-40-47-67-75-104
424,37,15-40-47-67-75-104
425,84,15-40-47-67-75-104
426,83,15-43-80-67-75-104
427,31,15-43-80-67-75-104
428,6,15-43-80-67-75-104
429,16,15-43-80-67-75-104
430,82,15-43-80-67-75-104
431,91,15-43-59-63-88-75-104
432,40,15-43-59-63-88-75-104
433,36,15-43-59-63-88-75-104
434,9,15-43-59-63-88-75-104
435,91,15-43-59-63-88-75-104
436,46,15-43-59-63-71-100-104
437,0,15-43-59-63-71-100-104
438,77,15-43-59-63-71-100-104
439,83,15-43-59-63-71-100-104
440,35,15-43-59-63-71-100-104
441,0,15-40-47-67-75-83-112
442,70,15-40-47-67-75-83-112
443,91,15-40-47-67-75-83-112
444,80,15-43-80-67-75-83-112
445,11,15-43-80-67-75-83-112
446,91,15-43-80-67-75-83-112
447,42,15-43-59-63-88-75-83-112
448,17,15-43-59-63-88-75-83-112
449,95,15-43-59-63-88-75-83-112
450,6,15-43-59-63-71-100-83-112
451,18,15-43-59-63-71-100-83-112
452,29,15-43-59-63-71-100-83-112
453,65,15-43-59-63-71-79-108-112
454,84,15-43-59-63-71-79-108-112
455,6,15-43-59-63-71-79-108-112
456,75,15-40-47-67-75-83-91-136
457,26,15-40-47-67-75-83-91-136
458,50,15-43-80-67-75-83-91-136
459,10,15-43-80-67-75-83-91-136
460,73,15-43-59-63-88-75-83-91-136
461,70,15-43-59-63-88-75-83-91-136
462,79,15-43-59-63-71-100-83-91-136
463,31,15-43-59-63-71-100-83-91-136
464,26,15-43-59-63-71-79-108-91-136
465,31,15-43-59-63-71-79-108-91-136
466,26,15-43-59-63-71-79-87-132-136
467,84,15-43-59-63-71-79-87-132-136
468,5,15-40-47-67-75-83-91-111
469,42,15-40-47-67-75-83-91-111
470,17,15-40-47-67-75-83-91-111
471,79,15-43-80-67-75-83-91-111
472,62,15-43-80-67-75-83-91-111
473,59,15-43-80-67-75-83-91-111
474,33,15-43-59-63-88-75-83-91-111
475,96,15-43-59-63-88-75-83-91-111
476,8,15-43-59-63-88-75-83-91-111
477,84,15-43-59-63-71-100-83-91-111
478,89,15-43-59-63-71-100-83-91-111
479,68,15-43-59-63-71-100-83-91-111
480,61,15-43-59-63-71-79-108-91-111
481,94,15-43-59-63-71-79-108-91-111
482,6,15-43-59-63-71-79-108-91-111
483,43,15-43-59-63-71-79-87-132-111
484,96,15-43-59-63-71-79-87-132-111
485,88,15-43-59-63-71-79-87-132-111
486,42,15-43-59-63-71-79-87-107
487,21,15-43-59-63-71-79-87-107
488,44,15-43-59-63-71-79-87-107
489,92,15-43-59-63-71-79-87-107
490,19,15-43-59-63-71-79-87-107
491,78,15-43-59-63-71-79-87-107
492,86,15-43-59-63-71-79-87-107
493,35,15-43-59-63-71-79-87-107
494,50,15-43-59-63-71-79-87-107
495,52,15-40-47-67-75-83-91-130-107
496,9,15-40-47-67-75-83-91-130-107
497,14,15-40-47-67-75-83-91-130-107
498,74,15-40-47-67-75-83-91-130-107
499,47,15-40-47-67-75-83-91-130-107
500,20,15-40-47-67-75-83-91-130-107
501,3,15-40-47-67-75-83-91-130-107
502,28,15-40-47-67-75-83-91-130-107
503,43,15-40-47-67-75-83-91-130-107
504,4,76-63-71-94
505,99,76-63-88-75-98-94
506,1,76-61-45-34
507,97,76-61-45-34
508,46,76-61-45-34
509,24,76-61-45-34
510,83,76-61-45-34
511,89,76-61-45-34
512,18,76-61-45-34
513,32,76-61-45-34
514,42,76-61-45-34
515,28,76-61-80-49-38-34
516,48,76-61-80-49-38-34
517,17,76-61-80-49-38-34
518,100,76-61-80-49-38-34
519,88,76-61-80-49-38-34
520,32,76-61-80-49-38-34
521,41,76-61-80-49-38-34
522,45,76-61-80-49-38-34
523,69,76-61-80-49-38-34
524,23,109-89-108-112
525,73,109-89-108-112
526,44,109-89-108-112
527,54,109-132-93-112
528,35,109-132-93-112
529,30,109-132-93-112
530,97,76-63-71-79-87-126
531,46,76-63-71-79-87-126
532,61,76-63-71-79-87-126
533,27,76-63-71-79-87-126
534,24,76-63-71-79-87-126
535,0,76-63-71-79-87-126
536,39,76-63-71-79-87-126
537,83,76-63-88-75-83-91-130-126
538,98,76-63-88-75-83-91-130-126
539,93,76-63-88-75-83-91-130-126
540,60,76-63-88-75-83-91-130-126
541,88,76-63-88-75-83-91-130-126
542,42,76-63-88-75-83-91-130-126
543,64,76-63-88-75-83-91-130-126
544,52,19-38-17
545,43,19-38-17
546,55,19-38-17
547,9,19-38-17
548,23,19-38-17
549,78,19-47-78-45-17
550,71,19-47-78-45-17
551,63,19-47-78-45-17
552,10,19-47-78-45-17
553,8,19-47-78-45-17
554,22,128-89-81-73-88-92
555,36,128-89-81-73-88-92
556,55,128-89-81-100-77-92
557,77,128-89-81-100-77-92
558,40,128-89-108-85-77-92
559,37,128-89-108-85-77-92
560,90,128-132-93-85-77-92
561,58,128-132-93-85-77-92
562,78,128-89-81-100-104
563,22,128-89-81-100-104
564,7,128-89-108-85-104
565,30,128-89-108-85-104
566,23,128-132-93-85-104
567,95,128-132-93-85-104
568,91,128-89-81-73-65-61-80-84
569,15,128-89-81-73-65-61-80-84
570,40,128-89-81-73-88-69-84
571,46,128-89-81-73-88-69-84
572,12,128-89-81-100-77-69-84
573,84,128-89-81-100-77-69-84
574,24,128-89-108-85-77-69-84
575,89,128-89-108-85-77-69-84
576,10,128-132-93-85-77-69-84
577,20,128-132-93-85-77-69-84
578,95,128-132-111
579,63,128-132-111
580,85,128-132-111
581,61,128-132-111
582,49,128-132-111
583,21,128-132-111
584,21,128-89-108-91-111
585,51,128-89-108-91-111
586,18,128-89-108-91-111
587,19,128-89-108-91-111
588,49,128-89-108-91-111
589,19,128-89-108-91-111
590,75,128-89-108-112
591,99,128-89-108-112
592,99,128-132-93-112
593,26,128-132-93-112
594,41,128-132-136
595,51,128-132-136
596,25,128-132-136
597,6,128-89-108-91-136
598,21,128-89-108-91-136
599,93,128-89-108-91-136
600,21,134-93-85-77-69-49-44
601,55,134-93-85-77-69-49-44
602,45,134-93-85-77-69-49-44
603,50,134-93-85-77-69-49-44
604,85,134-93-85-77-69-49-44
605,37,134-130-89-81-73-65-61-45-40-44
606,100,134-130-89-81-73-65-61-45-40-44
607,40,134-130-89-81-73-65-61-45-40-44
608,40,134-130-89-81-73-65-61-45-40-44
609,49,134-130-89-81-73-65-61-45-40-44
610,71,110-106-81-73-65-61-45-34
611,79,110-106-81-73-65-61-45-34
612,67,110-85-98-73-65-61-45-34
613,67,110-85-98-73-65-61-45-34
614,33,110-85-77-86-65-61-45-34
615,37,110-85-77-86-65-61-45-34
616,19,110-85-77-69-78-45-34
617,90,110-85-77-69-78-45-34
618,13,110-85-77-69-49-38-34
619,47,110-85-77-69-49-38-34
620,30,110-106-81-94
621,9,110-85-98-94
622,74,110-91-130-126
623,9,110-91-130-126
624,33,110-91-130-126
625,61,110-91-130-126
626,5,110-91-130-126
627,60,110-91-130-126
628,18,110-91-130-126
629,72,110-91-130-126
630,10,110-91-130-126
631,45,110-106-87-126
632,40,110-106-87-126
633,69,110-106-87-126
634,63,110-106-87-126
635,25,110-106-87-126
636,20,110-106-87-126
637,83,110-106-87-126
638,20,110-106-87-126
639,37,110-106-87-126
640,23,110-106-81-73-65-74
641,38,110-106-81-73-65-74
642,28,110-106-81-73-65-74
643,80,110-106-81-73-65-74
644,86,110-85-98-73-65-74
645,93,110-85-98-73-65-74
646,71,110-85-98-73-65-74
647,42,110-85-98-73-65-74
648,1,110-85-77-86-65-74
649,75,110-85-77-86-65-74
650,24,110-85-77-86-65-74
651,83,110-85-77-86-65-74
652,5,102-98-94
653,83,102-98-94
654,82,102-98-94
655,54,102-98-94
656,26,102-77-86-71-94
657,52,102-77-86-71-94
658,59,102-98-73-65-61-45-34
659,51,102-98-73-65-61-45-34
660,3,102-98-73-65-61-45-34
661,32,102-98-73-65-61-45-34
662,63,102-98-73-65-61-45-34
663,13,102-77-86-65-61-45-34
664,96,102-77-86-65-61-45-34
665,36,102-77-86-65-61-45-34
666,90,102-77-86-65-61-45-34
667,45,102-77-86-65-61-45-34
668,34,102-77-69-78-45-34
669,40,102-77-69-78-45-34
670,89,102-77-69-78-45-34
671,71,102-77-69-78-45-34
672,58,102-77-69-78-45-34
673,59,102-77-69-49-38-34
674,79,102-77-69-49-38-34
675,89,102-77-69-49-38-34
676,68,102-77-69-49-38-34
677,21,102-77-69-49-38-34
678,7,102-98-73-65-74
679,99,102-98-73-65-74
680,86,102-98-73-65-74
681,30,102-98-73-65-74
682,31,102-98-73-65-74
683,36,102-98-73-65-74
684,33,102-98-73-65-74
685,54,102-98-73-65-74
686,83,102-98-73-65-74
687,32,102-98-73-65-74
688,55,102-98-73-65-74
689,83,102-77-86-65-74
690,84,102-77-86-65-74
691,15,102-77-86-65-74
692,71,102-77-86-65-74
693,50,102-77-86-65-74
694,6,102-77-86-65-74
695,50,102-77-86-65-74
696,87,102-77-86-65-74
697,82,102-77-86-65-74
698,21,102-77-86-65-74
699,11,102-77-86-65-74
700,65,102-83-91-130-126
701,86,102-83-91-130-126
702,43,102-83-91-130-126
703,16,102-83-91-130-126
704,65,102-83-91-130-126
705,82,102-83-91-130-126
706,91,102-83-106-87-126
707,59,102-83-106-87-126
708,29,102-83-106-87-126
709,59,102-83-106-87-126
710,67,102-83-106-87-126
711,84,102-83-106-87-126
712,32,102-98-79-87-126
713,51,102-98-79-87-126
714,3,102-98-79-87-126
715,38,102-98-79-87-126
716,80,102-98-79-87-126
717,70,102-98-79-87-126
718,77,128-89-81-73-65-74
719,6,128-89-81-73-65-74
720,36,128-89-81-73-65-74
721,9,128-132-93-85-77-86-65-74
722,30,128-132-93-85-77-86-65-74
723,11,128-132-93-85-77-86-65-74
724,47,128-89-81-73-65-61-45-34
725,34,128-89-81-73-65-61-45-34
726,1,128-89-81-73-65-61-45-34
727,93,128-89-81-73-65-61-45-34
728,85,128-89-81-73-65-61-45-34
729,29,128-89-81-73-65-61-45-34
730,90,128-132-93-85-77-69-49-38-34
731,90,128-132-93-85-77-69-49-38-34
732,43,128-132-93-85-77-69-49-38-34
733,28,128-132-93-85-77-69-49-38-34
734,82,128-132-93-85-77-69-49-38-34
735,90,128-132-93-85-77-69-49-38-34
736,85,128-89-81-94
737,22,128-89-81-94
738,73,128-89-81-94
739,72,128-132-93-85-98-94
740,73,128-132-93-85-98-94
741,97,128-132-93-85-98-94
742,83,76-61-45-40-44
743,79,76-61-45-40-44
744,23,76-61-45-40-44
745,10,76-61-45-40-44
746,41,76-61-45-40-44
747,68,76-61-80-49-44
748,31,76-61-80-49-44
749,12,76-61-80-49-44
750,25,76-61-80-49-44
751,74,76-61-80-49-44
752,85,134-130-89-81-73-65-74
753,75,134-130-89-81-73-65-74
754,9,134-130-89-81-73-65-74
755,51,134-93-106-81-73-65-74
756,82,134-93-106-81-73-65-74
757,90,134-93-106-81-73-65-74
758,82,134-93-85-98-73-65-74
759,24,134-93-85-98-73-65-74
760,75,134-93-85-98-73-65-74
761,73,134-93-85-77-86-65-74
762,24,134-93-85-77-86-65-74
763,56,134-93-85-77-86-65-74
764,3,134-130-126
765,82,134-130-126
766,99,134-130-126
767,4,134-130-126
768,48,134-130-126
769,9,134-130-126
770,76,134-130-126
771,12,134-130-126
772,11,134-93-106-87-126
773,55,134-93-106-87-126
774,88,134-93-106-87-126
775,65,134-93-106-87-126
776,81,134-93-106-87-126
777,89,134-93-106-87-126
778,86,134-93-106-87-126
779,30,134-93-106-87-126
780,46,134-130-89-81-73-65-61-45-34
781,22,134-130-89-81-73-65-61-45-34
782,68,134-130-89-81-73-65-61-45-34
783,2,134-93-106-81-73-65-61-45-34
784,50,134-93-106-81-73-65-61-45-34
785,23,134-93-106-81-73-65-61-45-34
786,93,134-93-85-98-73-65-61-45-34
787,90,134-93-85-98-73-65-61-45-34
788,12,134-93-85-98-73-65-61-45-34
789,39,134-93-85-77-86-65-61-45-34
790,31,134-93-85-77-86-65-61-45-34
791,48,134-93-85-77-86-65-61-45-34
792,86,134-93-85-77-69-78-45-34
793,7,134-93-85-77-69-78-45-34
794,38,134-93-85-77-69-78-45-34
795,38,134-93-85-77-69-49-38-34
796,58,134-93-85-77-69-49-38-34
797,31,134-93-85-77-69-49-38-34
798,16,76-63-88-75-83-112
799,67,76-63-88-75-83-112
800,40,76-63-71-100-83-112
801,85,76-63-71-100-83-112
802,36,76-63-71-79-108-112
803,47,76-63-71-79-108-112
804,59,102-98-73-65-61-45-17
805,98,102-98-73-65-61-45-17
806,64,102-98-73-65-61-45-17
807,14,102-98-73-65-61-45-17
808,27,102-98-73-65-61-45-17
809,7,102-98-73-65-61-45-17
810,84,102-77-86-65-61-45-17
811,92,102-77-86-65-61-45-17
812,70,102-77-86-65-61-45-17
813,98,102-77-86-65-61-45-17
814,79,102-77-86-65-61-45-17
815,69,102-77-86-65-61-45-17
816,60,102-77-69-78-45-17
817,35,102-77-69-78-45-17
818,75,102-77-69-78-45-17
819,46,102-77-69-78-45-17
820,97,102-77-69-78-45-17
821,6,102-77-69-78-45-17
822,30,102-77-69-49-38-17
823,10,102-77-69-49-38-17
824,68,102-77-69-49-38-17
825,0,102-77-69-49-38-17
826,9,102-77-69-49-38-17
827,4,102-77-69-49-38-17
828,82,76-63-88-75-83-91-111
829,20,76-63-71-100-83-91-111
830,2,76-63-71-79-108-91-111
831,50,76-63-71-79-87-132-111
832,69,134-130-107
833,67,134-130-107
834,15,134-93-106-87-107
835,93,134-93-106-87-107
836,51,113-130-107
837,55,113-130-107
838,63,113-130-107
839,83,113-130-107
840,54,113-93-106-87-107
841,81,113-93-106-87-107
842,90,113-93-106-87-107
843,21,113-93-106-87-107
844,72,113-93-112
845,37,113-130-89-108-112
846,98,134-93-112
847,87,134-93-112
848,75,134-130-89-108-112
849,94,134-130-89-108-112
850,58,134-93-85-104
851,44,134-93-85-104
852,38,134-130-89-81-100-104
853,25,134-130-89-81-100-104
854,31,134-93-85-77-92
855,48,134-93-85-77-92
856,5,134-93-85-77-92
857,42,134-93-85-77-92
858,5,134-93-85-77-92
859,88,134-93-85-77-92
860,2,134-93-85-77-69-84
861,45,134-93-85-77-69-84
862,92,134-93-85-77-69-84
863,89,134-93-85-77-69-84
864,62,134-130-89-81-73-65-61-80-84
865,44,134-130-89-81-73-65-61-80-84
866,14,134-130-89-81-73-65-61-80-84
867,21,134-130-89-81-73-65-61-80-84
868,11,82-78-45-17
869,49,82-78-45-17
870,20,82-78-45-17
871,21,82-78-45-17
872,64,82-78-45-17
873,89,82-78-45-17
874,38,82-78-45-17
875,23,82-78-45-17
876,98,82-78-45-17
877,36,82-78-45-17
878,78,82-49-38-17
879,65,82-49-38-17
880,68,82-49-38-17
881,62,82-49-38-17
882,93,82-49-38-17
883,65,82-49-38-17
884,3,82-49-38-17
885,97,82-49-38-17
886,96,82-49-38-17
887,91,82-49-38-17
888,74,109-89-81-73-65-61-45-17
889,11,109-89-81-73-65-61-45-17
890,48,109-89-81-73-65-61-45-17
891,46,109-89-81-73-65-61-45-17
892,89,109-89-81-73-65-61-45-17
893,25,109-89-81-73-65-61-45-17
894,16,109-89-81-73-65-61-45-17
895,1,109-89-81-73-65-61-45-17
896,75,109-89-81-73-65-61-45-17
897,72,109-89-81-73-65-61-45-17
898,81,109-89-81-73-65-61-45-17
899,55,109-89-81-73-65-61-45-17
900,30,109-89-81-73-65-61-45-17
901,32,109-89-81-73-65-61-45-17
902,47,109-89-81-73-65-61-45-17
903,65,109-89-81-73-65-61-45-17
904,45,109-89-81-73-65-61-45-17
905,90,109-89-81-73-65-61-45-17
906,50,109-89-81-73-65-61-45-17
907,64,109-89-81-73-65-61-45-17
908,40,109-89-81-73-65-61-45-17
909,47,109-89-81-73-65-61-45-17
910,15,109-89-81-73-65-61-45-17
911,16,109-89-81-73-65-61-45-17
912,87,109-89-81-73-65-61-45-17
913,53,109-89-81-73-65-61-45-17
914,72,109-89-81-73-65-61-45-17
915,1,109-89-81-73-65-61-45-17
916,96,109-132-93-85-77-69-49-38-17
917,34,109-132-93-85-77-69-49-38-17
918,41,109-132-93-85-77-69-49-38-17
919,53,109-132-93-85-77-69-49-38-17
920,51,109-132-93-85-77-69-49-38-17
921,26,109-132-93-85-77-69-49-38-17
922,14,109-132-93-85-77-69-49-38-17
923,33,109-132-93-85-77-69-49-38-17
924,88,109-132-93-85-77-69-49-38-17
925,0,109-132-93-85-77-69-49-38-17
926,93,109-132-93-85-77-69-49-38-17
927,46,109-132-93-85-77-69-49-38-17
928,50,109-132-93-85-77-69-49-38-17
929,5,109-132-93-85-77-69-49-38-17
930,4,109-132-93-85-77-69-49-38-17
931,41,109-132-93-85-77-69-49-38-17
932,80,109-132-93-85-77-69-49-38-17
933,44,109-132-93-85-77-69-49-38-17
934,75,109-132-93-85-77-69-49-38-17
935,92,109-132-93-85-77-69-49-38-17
936,34,109-132-93-85-77-69-49-38-17
937,54,109-132-93-85-77-69-49-38-17
938,13,109-132-93-85-77-69-49-38-17
939,99,109-132-93-85-77-69-49-38-17
940,90,109-132-93-85-77-69-49-38-17
941,33,109-132-93-85-77-69-49-38-17
942,78,109-132-93-85-77-69-49-38-17
943,93,109-132-93-85-77-69-49-38-17
944,70,134-130-89-81-73-65-61-45-17
945,16,134-130-89-81-73-65-61-45-17
946,53,134-130-89-81-73-65-61-45-17
947,15,134-130-89-81-73-65-61-45-17
948,70,134-93-106-81-73-65-61-45-17
949,15,134-93-106-81-73-65-61-45-17
950,67,134-93-106-81-73-65-61-45-17
951,52,134-93-106-81-73-65-61-45-17
952,7,134-93-85-98-73-65-61-45-17
953,35,134-93-85-98-73-65-61-45-17
954,23,134-93-85-98-73-65-61-45-17
955,72,134-93-85-98-73-65-61-45-17
956,50,134-93-85-77-86-65-61-45-17
957,43,134-93-85-77-86-65-61-45-17
958,74,134-93-85-77-86-65-61-45-17
959,72,134-93-85-77-86-65-61-45-17
960,50,134-93-85-77-69-78-45-17
961,68,134-93-85-77-69-78-45-17
962,19,134-93-85-77-69-78-45-17
963,71,134-93-85-77-69-78-45-17
964,13,134-93-85-77-69-49-38-17
965,99,134-93-85-77-69-49-38-17
966,10,134-93-85-77-69-49-38-17
967,91,134-93-85-77-69-49-38-17
968,42,36-43-59-63-71-94
969,90,36-43-59-63-71-94
970,89,36-43-59-63-71-94
971,87,36-40-47-67-75-98-94
972,59,36-40-47-67-75-98-94
973,71,36-40-47-67-75-98-94
974,41,110-106-81-73-65-61-45-17
975,42,110-106-81-73-65-61-45-17
976,1,110-106-81-73-65-61-45-17
977,56,110-106-81-73-65-61-45-17
978,74,110-85-98-73-65-61-45-17
979,100,110-85-98-73-65-61-45-17
980,57,110-85-98-73-65-61-45-17
981,53,110-85-98-73-65-61-45-17
982,74,110-85-77-86-65-61-45-17
983,13,110-85-77-86-65-61-45-17
984,65,110-85-77-86-65-61-45-17
985,10,110-85-77-86-65-61-45-17
986,81,110-85-77-69-78-45-17
987,85,110-85-77-69-78-45-17
988,26,110-85-77-69-78-45-17
989,19,110-85-77-69-78-45-17
990,37,110-85-77-69-49-38-17
991,61,110-85-77-69-49-38-17
992,10,110-85-77-69-49-38-17
993,62,110-85-77-69-49-38-17
994,56,36-43-59-74
995,70,36-43-59-74
996,47,36-43-59-74
997,6,36-43-59-74
998,34,36-43-59-74
999,34,36-43-59-74
1000,13,36-43-59-74
1001,17,36-43-59-74
1002,34,36-43-59-74
1003,96,36-43-59-74
1004,78,36-40-47-78-59-74
1005,34,36-40-47-78-59-74
1006,22,36-40-47-78-59-74
1007,80,36-40-47-78-59-74
1008,5,36-40-47-78-59-74
1009,42,36-40-47-78-59-74
1010,13,36-40-47-78-59-74
1011,48,36-40-47-78-59-74
1012,90,36-40-47-78-59-74
1013,82,36-40-47-78-59-74
1014,17,42-47-67-75-83-112
1015,3,42-47-67-75-83-112
1016,1,42-47-67-75-83-112
1017,17,42-47-67-75-83-112
1018,16,42-38-43-59-63-71-79-108-112
1019,0,42-38-43-59-63-71-79-108-112
1020,63,42-38-43-59-63-71-79-108-112
1021,1,42-38-43-59-63-71-79-108-112
1022,26,42-47-67-75-83-91-136
1023,3,42-47-67-75-83-91-136
1024,75,42-47-67-75-83-91-136
1025,21,42-47-67-75-83-91-136
1026,49,42-47-67-75-83-91-136
1027,90,42-38-43-59-63-71-79-87-132-136
1028,23,42-38-43-59-63-71-79-87-132-136
1029,55,42-38-43-59-63-71-79-87-132-136
1030,14,42-38-43-59-63-71-79-87-132-136
1031,23,42-38-43-59-63-71-79-87-132-136
1032,100,42-47-67-75-83-91-111
1033,62,42-47-67-75-83-91-111
1034,55,42-47-67-75-83-91-111
1035,76,42-47-67-75-83-91-111
1036,33,42-47-67-75-83-91-111
1037,73,42-38-43-59-63-71-79-87-132-111
1038,86,42-38-43-59-63-71-79-87-132-111
1039,80,42-38-43-59-63-71-79-87-132-111
1040,85,42-47-67-75-83-91-130-107
1041,56,42-47-67-75-83-91-130-107
1042,41,42-47-67-75-83-91-130-107
1043,5,42-47-67-75-83-106-87-107
1044,66,42-47-67-75-83-106-87-107
1045,65,42-47-67-75-83-106-87-107
1046,85,42-47-67-75-98-79-87-107
1047,30,42-47-67-75-98-79-87-107
1048,5,42-47-67-75-98-79-87-107
1049,14,42-47-67-86-71-79-87-107
1050,55,42-47-67-86-71-79-87-107
1051,64,42-47-67-86-71-79-87-107
1052,46,42-47-78-59-63-71-79-87-107
1053,39,42-47-78-59-63-71-79-87-107
1054,41,42-47-78-59-63-71-79-87-107
1055,40,42-38-43-59-63-71-79-87-107
1056,75,42-38-43-59-63-71-79-87-107
1057,93,42-38-43-59-63-71-79-87-107
1058,64,109-89-81-73-65-61-80-84
1059,48,109-89-81-73-65-61-80-84
1060,0,109-89-81-73-88-69-84
1061,2,109-89-81-73-88-69-84
1062,14,109-89-81-100-77-69-84
1063,87,109-89-81-100-77-69-84
1064,62,109-89-108-85-77-69-84
1065,46,109-89-108-85-77-69-84
1066,20,109-132-93-85-77-69-84
1067,99,109-132-93-85-77-69-84
1068,23,42-47-84
1069,46,42-47-84
1070,44,42-47-84
1071,94,42-38-43-80-84
1072,85,42-38-43-80-84
1073,59,42-38-43-80-84
1074,23,42-47-67-92
1075,41,42-47-67-92
1076,19,42-47-67-92
1077,31,42-38-43-59-63-88-92
1078,45,42-38-43-59-63-88-92
1079,19,42-38-43-59-63-88-92
1080,36,42-47-67-75-104
1081,4,42-47-67-75-104
1082,6,42-38-43-59-63-71-100-104
1083,13,42-38-43-59-63-71-100-104
1084,100,113-130-126
1085,73,113-130-126
1086,24,113-130-126
1087,74,113-130-126
1088,87,113-130-126
1089,11,113-130-126
1090,36,113-130-126
1091,34,113-93-106-87-126
1092,79,113-93-106-87-126
1093,59,113-93-106-87-126
1094,10,113-93-106-87-126
1095,2,113-93-106-87-126
1096,88,113-93-106-87-126
1097,15,113-93-106-87-126
1098,90,113-130-89-81-73-65-74
1099,56,113-130-89-81-73-65-74
1100,31,113-130-89-81-73-65-74
1101,51,113-130-89-81-73-65-74
1102,19,113-93-106-81-73-65-74
1103,10,113-93-106-81-73-65-74
1104,31,113-93-106-81-73-65-74
1105,54,113-93-106-81-73-65-74
1106,92,113-93-85-98-73-65-74
1107,36,113-93-85-98-73-65-74
1108,89,113-93-85-98-73-65-74
1109,97,113-93-85-98-73-65-74
1110,74,113-93-85-77-86-65-74
1111,69,113-93-85-77-86-65-74
1112,11,113-93-85-77-86-65-74
1113,94,113-93-85-77-86-65-74
1114,83,113-130-89-81-73-65-61-45-34
1115,55,113-130-89-81-73-65-61-45-34
1116,71,113-130-89-81-73-65-61-45-34
1117,83,113-93-106-81-73-65-61-45-34
1118,80,113-93-106-81-73-65-61-45-34
1119,40,113-93-106-81-73-65-61-45-34
1120,35,113-93-85-98-73-65-61-45-34
1121,85,113-93-85-98-73-65-61-45-34
1122,49,113-93-85-98-73-65-61-45-34
1123,43,113-93-85-77-86-65-61-45-34
1124,78,113-93-85-77-86-65-61-45-34
1125,40,113-93-85-77-86-65-61-45-34
1126,40,113-93-85-77-69-78-45-34
1127,1,113-93-85-77-69-78-45-34
1128,26,113-93-85-77-69-78-45-34
1129,49,113-93-85-77-69-49-38-34
1130,42,113-93-85-77-69-49-38-34
1131,9,113-93-85-77-69-49-38-34
1132,7,113-130-89-81-94
1133,17,113-93-106-81-94
1134,42,113-93-85-98-94
1135,10,19-47-67-75-104
1136,8,19-47-67-75-104
1137,15,19-47-67-75-104
1138,92,19-47-67-75-104
1139,35,19-47-67-75-104
1140,87,19-47-67-75-104
1141,18,19-47-67-75-104
1142,0,19-47-67-75-104
1143,22,19-47-67-75-104
1144,59,19-47-67-75-104
1145,23,19-38-43-59-63-71-100-104
1146,70,19-38-43-59-63-71-100-104
1147,0,19-38-43-59-63-71-100-104
1148,62,19-38-43-59-63-71-100-104
1149,37,19-38-43-59-63-71-100-104
1150,43,19-38-43-59-63-71-100-104
1151,42,19-38-43-59-63-71-100-104
1152,32,19-38-43-59-63-71-100-104
1153,23,19-38-43-59-63-71-100-104
1154,60,19-38-43-59-63-71-100-104
1155,38,19-47-67-92
1156,98,19-47-67-92
1157,26,19-47-67-92
1158,12,19-38-43-59-63-88-92
1159,83,19-38-43-59-63-88-92
1160,7,19-38-43-59-63-88-92
1161,37,19-47-84
1162,89,19-47-84
1163,47,19-47-84
1164,92,19-38-43-80-84
1165,13,19-38-43-80-84
1166,48,19-38-43-80-84
1167,50,19-47-67-75-83-91-130-107
1168,95,19-47-67-75-83-91-130-107
1169,2,19-47-67-75-83-106-87-107
1170,21,19-47-67-75-83-106-87-107
1171,79,19-47-67-75-98-79-87-107
1172,11,19-47-67-75-98-79-87-107
1173,54,19-47-67-86-71-79-87-107
1174,59,19-47-67-86-71-79-87-107
1175,75,19-47-78-59-63-71-79-87-107
1176,45,19-47-78-59-63-71-79-87-107
1177,93,19-38-43-59-63-71-79-87-107
1178,27,19-38-43-59-63-71-79-87-107
1179,99,19-47-67-75-83-91-111
1180,93,19-47-67-75-83-91-111
1181,47,19-47-67-75-83-91-111
1182,80,19-47-67-75-83-91-111
1183,12,19-47-67-75-83-91-111
1184,46,19-47-67-75-83-91-111
1185,73,19-47-67-75-83-91-111
1186,55,19-38-43-59-63-71-79-87-132-111
1187,60,19-38-43-59-63-71-79-87-132-111
1188,49,19-38-43-59-63-71-79-87-132-111
1189,44,19-38-43-59-63-71-79-87-132-111
1190,75,19-38-43-59-63-71-79-87-132-111
1191,96,19-38-43-59-63-71-79-87-132-111
1192,80,19-38-43-59-63-71-79-87-132-111
1193,30,19-47-67-75-83-91-136
1194,71,19-47-67-75-83-91-136
1195,58,19-47-67-75-83-91-136
1196,49,19-47-67-75-83-91-136
1197,26,19-47-67-75-83-91-136
1198,61,19-47-67-75-83-91-136
1199,29,19-47-67-75-83-91-136
1200,21,19-47-67-75-83-91-136
1201,53,19-47-67-75-83-91-136
1202,40,19-38-43-59-63-71-79-87-132-136
1203,73,19-38-43-59-63-71-79-87-132-136
1204,22,19-38-43-59-63-71-79-87-132-136
1205,46,19-38-43-59-63-71-79-87-132-136
1206,29,19-38-43-59-63-71-79-87-132-136
1207,71,19-38-43-59-63-71-79-87-132-136
1208,99,19-38-43-59-63-71-79-87-132-136
1209,78,19-38-43-59-63-71-79-87-132-136
1210,58,19-38-43-59-63-71-79-87-132-136
1211,99,19-47-67-75-83-112
1212,49,19-47-67-75-83-112
1213,83,19-47-67-75-83-112
1214,49,19-47-67-75-83-112
1215,81,19-47-67-75-83-112
1216,67,19-47-67-75-83-112
1217,59,19-47-67-75-83-112
1218,44,19-47-67-75-83-112
1219,77,19-47-67-75-83-112
1220,14,19-38-43-59-63-71-79-108-112
1221,33,19-38-43-59-63-71-79-108-112
1222,42,19-38-43-59-63-71-79-108-112
1223,5,19-38-43-59-63-71-79-108-112
1224,93,19-38-43-59-63-71-79-108-112
1225,32,19-38-43-59-63-71-79-108-112
1226,99,19-38-43-59-63-71-79-108-112
1227,71,19-38-43-59-63-71-79-108-112
1228,16,19-38-43-59-63-71-79-108-112
1229,20,96-73-65-74
1230,63,96-73-65-74
1231,81,96-73-65-74
1232,76,96-73-65-74
1233,44,96-73-65-74
1234,95,96-73-65-74
1235,78,96-73-65-74
1236,37,96-73-65-74
1237,14,96-73-65-74
1238,34,96-100-77-86-65-74
1239,52,96-100-77-86-65-74
1240,59,96-100-77-86-65-74
1241,26,96-100-77-86-65-74
1242,95,96-100-77-86-65-74
1243,24,96-100-77-86-65-74
1244,85,96-100-77-86-65-74
1245,33,96-100-77-86-65-74
1246,51,96-100-77-86-65-74
1247,70,96-79-87-126
1248,61,96-79-87-126
1249,8,96-79-87-126
1250,23,96-79-87-126
1251,41,96-79-87-126
1252,81,96-79-87-126
1253,60,96-79-87-126
1254,52,96-79-87-126
1255,78,96-79-87-126
1256,1,96-100-83-91-130-126
1257,95,96-100-83-91-130-126
1258,64,96-100-83-91-130-126
1259,48,96-100-83-91-130-126
1260,84,96-100-83-91-130-126
1261,89,96-100-83-91-130-126
1262,10,96-100-83-91-130-126
1263,86,96-100-83-91-130-126
1264,33,96-100-83-91-130-126
1265,79,96-73-65-61-45-34
1266,89,96-73-65-61-45-34
1267,48,96-73-65-61-45-34
1268,35,96-100-77-69-49-38-34
1269,87,96-100-77-69-49-38-34
1270,69,96-100-77-69-49-38-34
1271,58,90-86-65-61-45-17
1272,89,90-86-65-61-45-17
1273,29,90-86-65-61-45-17
1274,34,90-86-65-61-45-17
1275,7,90-86-65-61-45-17
1276,53,90-86-65-61-45-17
1277,12,90-86-65-61-45-17
1278,99,90-69-78-45-17
1279,43,90-69-78-45-17
1280,98,90-69-78-45-17
1281,8,90-69-78-45-17
1282,17,90-69-78-45-17
1283,60,90-69-78-45-17
1284,17,90-69-78-45-17
1285,49,90-69-49-38-17
1286,33,90-69-49-38-17
1287,98,90-69-49-38-17
1288,4,90-69-49-38-17
1289,90,90-69-49-38-17
1290,49,90-69-49-38-17
1291,82,90-69-49-38-17
1292,97,36-43-59-63-71-79-87-126
1293,38,36-43-59-63-71-79-87-126
1294,99,36-43-59-63-71-79-87-126
1295,5,36-43-59-63-71-79-87-126
1296,72,36-43-59-63-71-79-87-126
1297,88,36-43-59-63-71-79-87-126
1298,20,36-43-59-63-71-79-87-126
1299,100,36-43-59-63-71-79-87-126
1300,74,36-43-59-63-71-79-87-126
1301,57,36-43-59-63-71-79-87-126
1302,44,36-43-59-63-71-79-87-126
1303,42,36-40-47-67-75-83-91-130-126
1304,22,36-40-47-67-75-83-91-130-126
1305,34,36-40-47-67-75-83-91-130-126
1306,21,36-40-47-67-75-83-91-130-126
1307,47,36-40-47-67-75-83-91-130-126
1308,64,36-40-47-67-75-83-91-130-126
1309,22,36-40-47-67-75-83-91-130-126
1310,40,36-40-47-67-75-83-91-130-126
1311,23,36-40-47-67-75-83-91-130-126
1312,21,36-40-47-67-75-83-91-130-126
1313,42,36-40-47-67-75-83-91-130-126
1314,41,110-85-77-69-49-44
1315,25,110-85-77-69-49-44
1316,62,110-85-77-69-49-44
1317,100,110-106-81-73-65-61-45-40-44
1318,44,110-106-81-73-65-61-45-40-44
1319,92,110-106-81-73-65-61-45-40-44
1320,7,110-85-77-69-84
1321,9,110-106-81-73-65-61-80-84
1322,0,110-85-77-92
1323,3,110-85-77-92
1324,38,110-85-77-92
1325,19,110-85-77-92
1326,3,110-106-81-73-88-92
1327,42,110-106-81-73-88-92
1328,26,110-106-81-73-88-92
1329,72,110-106-81-73-88-92
1330,14,110-85-104
1331,91,110-85-104
1332,38,110-106-81-100-104
1333,3,110-106-81-100-104
1334,78,110-91-136
1335,94,110-106-87-132-136
1336,82,42-38-17
1337,86,42-38-17
1338,17,42-38-17
1339,70,42-38-17
1340,1,42-38-17
1341,64,42-38-17
1342,7,42-38-17
1343,71,42-38-17
1344,74,42-38-17
1345,2,42-38-17
1346,75,42-38-17
1347,71,42-47-78-45-17
1348,96,42-47-78-45-17
1349,5,42-47-78-45-17
1350,68,42-47-78-45-17
1351,41,42-47-78-45-17
1352,77,42-47-78-45-17
1353,49,42-47-78-45-17
1354,33,42-47-78-45-17
1355,95,42-47-78-45-17
1356,84,42-47-78-45-17
1357,32,42-47-78-45-17
1358,4,110-91-130-107
1359,14,110-91-130-107
1360,32,110-91-130-107
1361,38,110-91-130-107
1362,40,110-91-130-107
1363,100,110-91-130-107
1364,58,110-91-130-107
1365,37,110-106-87-107
1366,75,110-106-87-107
1367,41,110-106-87-107
1368,37,110-106-87-107
1369,6,110-106-87-107
1370,98,110-106-87-107
1371,87,110-106-87-107
1372,60,113-93-85-77-69-84
1373,17,113-130-89-81-73-65-61-80-84
1374,9,113-130-89-81-73-65-61-45-17
1375,67,113-130-89-81-73-65-61-45-17
1376,84,113-130-89-81-73-65-61-45-17
1377,56,113-93-106-81-73-65-61-45-17
1378,1,113-93-106-81-73-65-61-45-17
1379,90,113-93-106-81-73-65-61-45-17
1380,15,113-93-85-98-73-65-61-45-17
1381,62,113-93-85-98-73-65-61-45-17
1382,8,113-93-85-98-73-65-61-45-17
1383,45,113-93-85-77-86-65-61-45-17
1384,70,113-93-85-77-86-65-61-45-17
1385,86,113-93-85-77-86-65-61-45-17
1386,80,113-93-85-77-69-78-45-17
1387,90,113-93-85-77-69-78-45-17
1388,52,113-93-85-77-69-78-45-17
1389,49,113-93-85-77-69-49-38-17
1390,66,113-93-85-77-69-49-38-17
1391,26,113-93-85-77-69-49-38-17
1392,55,109-132-136
1393,59,109-132-136
1394,54,109-89-108-91-136
1395,32,109-89-108-91-136
1396,25,96-100-104
1397,57,96-100-104
1398,80,96-79-108-85-104
1399,100,96-73-88-75-104
1400,76,110-91-111
1401,23,110-91-111
1402,54,110-106-87-132-111
1403,52,110-106-87-132-111
1404,51,15-43-59-63-71-79-87-126
1405,13,15-43-59-63-71-79-87-126
1406,46,15-43-59-63-71-79-87-126
1407,43,15-43-59-63-71-79-87-126
1408,23,15-43-59-63-71-79-87-126
1409,87,15-43-59-63-71-79-87-126
1410,100,15-43-59-63-71-79-87-126
1411,52,15-43-59-63-71-79-87-126
1412,75,15-43-59-63-71-79-87-126
1413,19,15-40-47-67-75-83-91-130-107
1414,87,15-40-47-67-75-83-91-130-107
1415,53,15-40-47-67-75-83-91-130-107
1416,77,15-40-47-67-75-83-91-130-107
1417,9,15-40-47-67-75-83-91-130-107
1418,69,15-40-47-67-75-83-91-130-107
1419,86,15-40-47-67-75-83-91-130-107
1420,56,15-40-47-67-75-83-91-130-107
1421,47,15-40-47-67-75-83-91-130-107
1422,37,15-43-59-74
1423,71,15-43-59-74
1424,100,15-40-47-78-59-74
1425,9,15-40-47-78-59-74
1426,60,19-47-78-59-74
1427,24,19-47-78-59-74
1428,42,19-47-78-59-74
1429,79,19-47-78-59-74
1430,76,19-47-78-59-74
1431,20,19-47-78-59-74
1432,80,19-47-78-59-74
1433,25,19-47-78-59-74
1434,80,19-38-43-59-74
1435,46,19-38-43-59-74
1436,73,19-38-43-59-74
1437,8,19-38-43-59-74
1438,53,19-38-43-59-74
1439,81,19-38-43-59-74
1440,27,19-38-43-59-74
1441,85,19-38-43-59-74
1442,28,19-47-67-75-83-91-130-126
1443,46,19-47-67-75-83-91-130-126
1444,14,19-47-67-75-83-91-130-126
1445,91,19-47-67-75-83-106-87-126
1446,54,19-47-67-75-83-106-87-126
1447,40,19-47-67-75-83-106-87-126
1448,58,19-47-67-75-98-79-87-126
1449,51,19-47-67-75-98-79-87-126
1450,24,19-47-67-75-98-79-87-126
1451,83,19-47-67-86-71-79-87-126
1452,55,19-47-67-86-71-79-87-126
1453,80,19-47-67-86-71-79-87-126
1454,82,19-47-78-59-63-71-79-87-126
1455,47,19-47-78-59-63-71-79-87-126
1456,54,19-47-78-59-63-71-79-87-126
1457,12,19-38-43-59-63-71-79-87-126
1458,58,19-38-43-59-63-71-79-87-126
1459,33,19-38-43-59-63-71-79-87-126
1460,31,19-47-67-75-98-94
1461,30,19-47-67-86-71-94
1462,12,19-47-78-59-63-71-94
1463,12,19-38-43-59-63-71-94
1464,38,19-38-34
1465,0,19-38-34
1466,52,19-38-34
1467,63,19-38-34
1468,93,19-38-34
1469,59,19-38-34
1470,1,19-38-34
1471,25,19-38-34
1472,67,19-38-34
1473,100,19-47-78-45-17
1474,49,19-47-78-45-17
1475,87,19-47-78-45-17
1476,34,19-47-78-45-17
1477,73,19-47-78-45-17
1478,86,19-47-78-45-17
1479,29,19-47-78-45-17
1480,99,19-47-78-45-17
1481,94,19-47-78-45-17
1482,20,96-79-87-107
1483,25,96-79-87-107
1484,80,96-79-87-107
1485,41,96-100-83-91-130-107
1486,22,96-100-83-91-130-107
1487,41,96-100-83-91-130-107
1488,7,96-100-83-91-136
1489,30,96-100-83-91-136
1490,88,96-79-108-91-136
1491,92,96-79-108-91-136
1492,84,96-79-87-132-136
1493,74,96-79-87-132-136
1494,92,96-100-83-112
1495,29,96-100-83-112
1496,82,96-100-83-112
1497,100,96-79-108-112
1498,50,96-79-108-112
1499,36,96-79-108-112
1500,50,109-132-111
1501,60,109-132-111
1502,37,109-132-111
1503,54,109-132-111
1504,64,109-89-108-91-111
1505,86,109-89-108-91-111
1506,99,109-89-108-91-111
1507,32,109-89-108-91-111
1508,11,128-89-81-73-65-61-45-17
1509,15,128-89-81-73-65-61-45-17
1510,55,128-89-81-73-65-61-45-17
1511,100,128-89-81-73-65-61-45-17
1512,22,128-89-81-73-65-61-45-17
1513,52,128-89-81-73-65-61-45-17
1514,19,128-89-81-73-65-61-45-17
1515,82,128-89-81-73-65-61-45-17
1516,46,128-89-81-73-65-61-45-17
1517,28,128-89-81-73-65-61-45-17
1518,65,128-89-81-73-65-61-45-17
1519,67,128-132-93-85-77-69-49-38-17
1520,94,128-132-93-85-77-69-49-38-17
1521,7,128-132-93-85-77-69-49-38-17
1522,85,128-132-93-85-77-69-49-38-17
1523,23,128-132-93-85-77-69-49-38-17
1524,65,128-132-93-85-77-69-49-38-17
1525,14,128-132-93-85-77-69-49-38-17
1526,6,128-132-93-85-77-69-49-38-17
1527,13,128-132-93-85-77-69-49-38-17
1528,99,128-132-93-85-77-69-49-38-17
1529,83,128-132-93-85-77-69-49-38-17
1530,75,109-89-81-73-65-61-45-40-44
1531,18,109-89-81-73-65-61-80-49-44
1532,16,109-89-81-73-88-69-49-44
1533,35,109-89-81-100-77-69-49-44
1534,0,109-89-108-85-77-69-49-44
1535,2,109-132-93-85-77-69-49-44
1536,6,76-63-88-69-84
1537,25,76-63-88-69-84
1538,7,76-63-88-69-84
1539,56,76-63-88-69-84
1540,72,76-63-88-69-84
1541,47,76-61-80-84
1542,89,76-61-80-84
1543,12,76-61-80-84
1544,12,76-61-80-84
1545,19,76-61-80-84
1546,25,96-73-88-92
1547,95,96-100-77-92
1548,1,76-63-88-75-104
1549,54,76-63-88-75-104
1550,54,76-63-88-75-104
1551,27,76-63-88-75-104
1552,59,76-63-88-75-104
1553,48,76-63-88-75-104
1554,31,76-63-88-92
1555,47,76-63-88-92
1556,86,76-63-88-92
1557,49,76-61-80-67-92
1558,16,76-61-80-67-92
1559,92,76-61-80-67-92
1560,83,76-63-88-75-83-91-136
1561,9,76-63-71-100-83-91-136
1562,62,76-63-71-79-108-91-136
1563,40,76-63-71-79-87-132-136
1564,7,109-89-81-100-104
1565,50,109-89-81-100-104
1566,10,109-89-81-100-104
1567,48,109-89-108-85-104
1568,49,109-89-108-85-104
1569,44,109-89-108-85-104
1570,100,109-132-93-85-104
1571,51,109-132-93-85-104
1572,24,109-132-93-85-104
1573,63,76-63-71-79-87-107
1574,86,76-63-71-79-87-107
1575,47,76-63-71-79-87-107
1576,98,76-63-71-79-87-107
1577,10,76-63-71-79-87-107
1578,85,76-63-71-79-87-107
1579,73,76-63-71-79-87-107
1580,86,76-63-71-79-87-107
1581,4,76-63-71-79-87-107
1582,67,76-63-71-79-87-107
1583,34,76-63-88-75-83-91-130-107
1584,86,76-63-88-75-83-91-130-107
1585,91,76-63-88-75-83-91-130-107
1586,57,76-63-88-75-83-91-130-107
1587,22,76-63-88-75-83-91-130-107
1588,70,76-63-88-75-83-91-130-107
1589,39,76-63-88-75-83-91-130-107
1590,89,76-63-88-75-83-91-130-107
1591,73,76-63-88-75-83-91-130-107
1592,98,76-63-88-75-83-91-130-107
1593,95,82-67-92
1594,59,82-78-59-63-88-92
1595,33,109-89-81-73-88-92
1596,96,109-89-81-73-88-92
1597,73,109-89-81-100-77-92
1598,63,109-89-81-100-77-92
1599,14,109-89-108-85-77-92
1600,97,109-89-108-85-77-92
1601,30,109-132-93-85-77-92
1602,45,109-132-93-85-77-92
1603,0,82-49-44
1604,38,82-49-44
1605,40,82-49-44
1606,52,82-78-45-40-44
1607,66,82-78-45-40-44
1608,25,82-78-45-40-44
1609,83,82-67-75-83-91-111
1610,7,82-67-75-83-91-111
1611,86,82-67-75-83-91-111
1612,30,82-67-75-83-91-111
1613,14,82-67-75-83-91-111
1614,41,82-67-75-83-91-136
1615,59,82-78-59-63-71-79-87-132-136
1616,77,82-67-75-83-112
1617,13,82-67-75-83-112
1618,37,82-78-59-63-71-79-108-112
1619,5,82-78-59-63-71-79-108-112
1620,85,82-67-75-104
1621,95,82-78-59-63-71-100-104
1622,24,90-75-104
1623,2,90-86-71-100-104
1624,24,90-69-49-44
1625,94,90-69-49-44
1626,11,90-69-49-44
1627,91,90-86-65-61-45-40-44
1628,86,90-86-65-61-45-40-44
1629,49,90-86-65-61-45-40-44
1630,41,90-69-84
1631,83,90-69-84
1632,63,90-69-84
1633,7,90-69-84
1634,82,90-69-84
1635,89,90-75-83-91-111
1636,92,90-75-83-91-111
1637,9,90-75-83-91-111
1638,30,90-75-83-91-111
1639,87,90-75-83-91-111
1640,52,90-75-83-91-111
1641,32,90-75-83-91-111
1642,19,90-75-83-91-111
1643,16,90-86-71-79-87-132-111
1644,66,90-86-71-79-87-132-111
1645,91,90-86-71-79-87-132-111
1646,5,90-86-71-79-87-132-111
1647,62,90-86-71-79-87-132-111
1648,27,90-86-71-79-87-132-111
1649,25,90-86-71-79-87-132-111
1650,62,90-86-71-79-87-132-111
1651,64,90-75-83-91-130-107
1652,79,90-75-83-91-130-107
1653,98,90-75-83-91-130-107
1654,69,90-75-83-91-130-107
1655,27,90-75-83-106-87-107
1656,13,90-75-83-106-87-107
1657,78,90-75-83-106-87-107
1658,95,90-75-83-106-87-107
1659,68,90-75-98-79-87-107
1660,83,90-75-98-79-87-107
1661,4,90-75-98-79-87-107
1662,32,90-75-98-79-87-107
1663,78,90-86-71-79-87-107
1664,60,90-86-71-79-87-107
1665,87,90-86-71-79-87-107
1666,57,90-86-71-79-87-107
1667,9,90-75-83-112
1668,49,90-75-83-112
1669,13,90-75-98-79-108-112
1670,33,90-75-98-79-108-112
1671,84,90-75-83-91-136
1672,89,90-75-83-91-136
1673,59,90-75-83-91-136
1674,62,90-75-83-91-136
1675,7,90-86-71-79-87-132-136
1676,14,90-86-71-79-87-132-136
1677,74,90-86-71-79-87-132-136
1678,42,90-86-71-79-87-132-136
